Data;Ora;ARIMA;UCM;ML
2020-09-01;1;2515534.0;2499532.8353297124;3211736.475951435
2020-09-01;2;2271330.0;2283078.5043055005;3001827.5636867364
2020-09-01;3;2166530.0;2267023.038884284;2876813.170134111
2020-09-01;4;2127793.0;2367764.5052772984;2871597.577611056
2020-09-01;5;2135170.28125;2520933.378716273;2982917.1935107294
2020-09-01;6;2233630.5;2709966.8913185936;3237124.8960802574
2020-09-01;7;2523659.0;2984180.6429595705;3623221.0921438583
2020-09-01;8;3004066.0;3328884.9522130275;3911689.262214506
2020-09-01;9;3804180.0;3827316.544004217;4148448.670905219
2020-09-01;10;4037170.0;3916995.8767854124;4308940.921252356
2020-09-01;11;4046938.0;3843659.967730556;4337653.721010978
2020-09-01;12;4055468.0;3801891.972250652;4296382.300325046
2020-09-01;13;3835090.0;3630822.7893007062;4220204.838565075
2020-09-01;14;3735698.0;3527441.533484768;4246169.361383438
2020-09-01;15;3828201.0;3674072.4893605225;4385018.573578613
2020-09-01;16;3865268.5;3841573.166205797;4552169.476190894
2020-09-01;17;3959023.28125;4113026.0882593673;4799047.8906416455
2020-09-01;18;4048089.0;4408749.555355071;4968188.16674664
2020-09-01;19;4262818.0;4779978.732709718;5097283.974697787
2020-09-01;20;4296256.0;4973883.9376544105;5014287.374138284
2020-09-01;21;4420046.0;5100173.311781092;4731055.242135481
2020-09-01;22;3995536.0;4634086.331099912;4311007.460188316
2020-09-01;23;3474044.0;4079115.445952283;3888356.93840468
2020-09-01;24;2963468.0;3483115.0482553663;3529593.02813711
2020-09-02;1;2542898.0;2943731.917082072;3251762.4771616003
2020-09-02;2;2292956.0;2614611.55204726;3069034.927397236
2020-09-02;3;2180929.0;2490219.2333896826;2882641.9091563565
2020-09-02;4;2134285.0;2494973.546098844;2869755.9396678074
2020-09-02;5;2145883.40625;2570498.525374909;3072493.961824725
2020-09-02;6;2237250.0;2704840.721241445;3254012.146622417
2020-09-02;7;2521090.0;2950753.991758441;3599557.9022597107
2020-09-02;8;2988368.0;3295395.5326377563;3921996.894613594
2020-09-02;9;3787868.0;3821363.2976079164;4169342.918459748
2020-09-02;10;4019372.0;3962137.657444072;4312491.850709125
2020-09-02;11;4035346.0;3955638.3674295614;4326935.199114944
2020-09-02;12;4045070.0;3985456.600383037;4311343.602532261
2020-09-02;13;3832742.0;3878257.703540234;4273804.043382279
2020-09-02;14;3738032.0;3819605.7883193414;4296224.45192547
2020-09-02;15;3834427.0;3984131.0293794186;4385270.075764012
2020-09-02;16;3862607.5;4140792.29838584;4611151.575247138
2020-09-02;17;3957125.625;4377299.48786011;4800545.911525649
2020-09-02;18;4046194.0;4624154.040084392;4942978.15048447
2020-09-02;19;4270533.0;4945786.54080639;5130894.251890066
2020-09-02;20;4300948.0;5102081.30854034;4964170.727117307
2020-09-02;21;4426828.0;5211494.85057793;4725263.876689737
2020-09-02;22;3992360.0;4751594.415138965;4314801.757581479
2020-09-02;23;3467004.0;4221122.070117708;3947468.0862221383
2020-09-02;24;2952852.0;3657510.125112509;3564790.583107861
2020-09-03;1;2529594.0;3145440.505324386;3289789.87140721
2020-09-03;2;2286412.0;2827028.8698990946;3073867.5506834355
2020-09-03;3;2175550.0;2690309.2723316383;2928876.9804908093
2020-09-03;4;2130375.0;2660605.341750348;2895070.0523327617
2020-09-03;5;2131675.90625;2687871.3170740795;3065699.44561677
2020-09-03;6;2225091.5;2773746.5786252473;3284826.8802923914
2020-09-03;7;2511655.0;2985995.0406111875;3625269.164136135
2020-09-03;8;2982200.0;3323762.710893268;3967428.6538978335
2020-09-03;9;3785386.0;3874883.52926681;4211745.879135401
2020-09-03;10;4023858.0;4069424.0199677683;4377805.913002977
2020-09-03;11;4041010.0;4133792.940764096;4376001.428791663
2020-09-03;12;4058134.0;4234883.228673726;4381580.864074186
2020-09-03;13;3840676.0;4181953.668308745;4323214.10996281
2020-09-03;14;3747318.0;4147236.4122319836;4304461.808030947
2020-09-03;15;3845136.0;4299814.026825083;4409325.468356853
2020-09-03;16;3886260.5;4412432.986848478;4631227.341476286
2020-09-03;17;3982427.5625;4584847.140728755;4848125.332391314
2020-09-03;18;4072088.5;4764439.576205843;5027740.76245595
2020-09-03;19;4295902.0;5032575.432095122;5101023.091104468
2020-09-03;20;4324730.0;5161353.715916252;5004937.164831335
2020-09-03;21;4442270.0;5273346.749842734;4755170.21260616
2020-09-03;22;4010624.0;4841134.1195802735;4349391.222478095
2020-09-03;23;3482038.0;4351026.990304105;3943395.245761755
2020-09-03;24;2968110.0;3824421.2633242616;3599994.9532602094
2020-09-04;1;2545484.0;3331247.6440844983;3308882.9324189383
2020-09-04;2;2295132.0;3004665.604034653;3112337.931732871
2020-09-04;3;2184518.0;2832352.9612782323;2912565.612793624
2020-09-04;4;2141039.5;2748149.6052749;2869101.682234465
2020-09-04;5;2145347.484375;2717048.963760998;3031710.815923556
2020-09-04;6;2242748.5;2757953.7136162682;3312350.6507068495
2020-09-04;7;2533771.0;2953104.6843823795;3651412.860277137
2020-09-04;8;3016978.0;3309057.089926563;3956840.4998304187
2020-09-04;9;3815338.0;3911660.074228409;4236574.245228122
2020-09-04;10;4055984.0;4179888.901594527;4366932.4006867455
2020-09-04;11;4073446.0;4322763.881121877;4381592.295991705
2020-09-04;12;4085992.0;4488016.535822775;4363604.833310715
2020-09-04;13;3868442.0;4468931.518564207;4273137.694497715
2020-09-04;14;3770448.0;4428974.179329842;4373254.690763377
2020-09-04;15;3862915.0;4537669.203661401;4438809.702703379
2020-09-04;16;3898774.5;4576916.7991087055;4608212.033533019
2020-09-04;17;3990573.875;4661576.210561235;4860611.404611298
2020-09-04;18;4077412.0;4755925.626267704;5007391.509584638
2020-09-04;19;4300305.0;4955665.324925263;5174914.828894529
2020-09-04;20;4321680.0;5041335.950844463;5033922.791698417
2020-09-04;21;4449678.0;5136586.768551939;4764854.365811377
2020-09-04;22;4017198.0;4708361.665792326;4381626.811588827
2020-09-04;23;3492144.0;4233029.642933355;3934938.045088623
2020-09-04;24;2975140.0;3721044.198521332;3601544.637617612
2020-09-05;1;2543644.0;3233544.686284086;3250984.996848087
2020-09-05;2;2276562.0;2899122.128125635;3075812.4056511982
2020-09-05;3;2139665.0;2705582.8670500917;2998350.172237848
2020-09-05;4;2070878.5;2590493.365236396;2868222.3039638437
2020-09-05;5;2016130.890625;2524028.333267746;3041210.629458793
2020-09-05;6;2056280.0;2529373.858794079;3317738.9311377974
2020-09-05;7;2292633.0;2690448.447256267;3625537.154664106
2020-09-05;8;2687696.0;3012404.838441305;3936595.453284177
2020-09-05;9;3430094.0;3577502.896880498;4202415.235994974
2020-09-05;10;3598512.0;3800847.67388502;4323026.802391168
2020-09-05;11;3558072.0;3889509.846946868;4419453.2678996
2020-09-05;12;3525502.0;3992857.862903823;4377208.815157225
2020-09-05;13;3279224.0;3909869.8440300575;4301844.55845301
2020-09-05;14;3171362.0;3812774.5584848383;4350007.2269566655
2020-09-05;15;3273858.0;3880723.7899346487;4416926.154594402
2020-09-05;16;3327539.5;3903350.1545041595;4621357.419611401
2020-09-05;17;3465459.71875;3998926.972356375;4799710.941857694
2020-09-05;18;3612732.0;4129556.411671085;4971466.928628651
2020-09-05;19;3915791.0;4383526.731560423;5064875.1480677435
2020-09-05;20;4008996.0;4530672.596171047;5022726.987246002
2020-09-05;21;4206206.0;4683616.7946629785;4732041.025176846
2020-09-05;22;3834884.0;4301047.603960587;4359396.788441224
2020-09-05;23;3358320.0;3856070.423858394;3913310.396056397
2020-09-05;24;2876988.0;3361471.617666906;3544087.710249477
2020-09-06;1;2457000.0;2885052.852459652;3285392.980054104
2020-09-06;2;2186716.0;2563597.774957626;3067451.1671318477
2020-09-06;3;2030269.0;2391155.651713064;2910667.4747964875
2020-09-06;4;1928544.0;2306541.429839932;2888879.009463021
2020-09-06;5;1843420.0;2274615.647293171;3000254.9055720144
2020-09-06;6;1824633.5;2307232.239589387;3282605.6807030863
2020-09-06;7;2013940.0;2473630.9055041857;3577206.7447553305
2020-09-06;8;2374578.0;2765092.8889523717;3882491.045650501
2020-09-06;9;3073564.0;3255312.51952924;4201175.312633398
2020-09-06;10;3216922.0;3359665.578879152;4302003.06638629
2020-09-06;11;3162396.0;3295785.7523468267;4397680.52145272
2020-09-06;12;3123196.0;3232712.3833419317;4351005.760982956
2020-09-06;13;2885822.0;2994534.739174232;4274351.45635574
2020-09-06;14;2782052.0;2778739.61749958;4311303.810665515
2020-09-06;15;2899453.0;2784296.858560051;4369934.817947214
2020-09-06;16;2981804.0;2810778.728227468;4545735.285229326
2020-09-06;17;3149275.5;2974381.912506421;4847859.320464452
2020-09-06;18;3300256.0;3223822.100001045;4931601.85364201
2020-09-06;19;3606392.0;3626031.2724431343;5066859.684979968
2020-09-06;20;3713470.0;3926593.7704904936;5006817.935107626
2020-09-06;21;3931590.0;4216473.254911005;4686549.907859338
2020-09-06;22;3576274.0;3939803.3766426295;4334016.832328256
2020-09-06;23;3122496.0;3564721.873282415;3910804.8275188287
2020-09-06;24;2674110.0;3108623.096927919;3443675.5726517374
2020-09-07;1;2306192.0;2651213.736888313;3256202.018360832
2020-09-07;2;2099494.0;2344742.042818576;3020615.2605939917
2020-09-07;3;2021912.0;2198206.8517036936;2871063.1354670865
2020-09-07;4;2001910.5;2161536.987522706;2901752.3378889286
2020-09-07;5;2021625.4375;2205052.4838829525;3015508.930821062
2020-09-07;6;2128059.0;2340312.4915995942;3248687.2913492373
2020-09-07;7;2423455.0;2631800.284254204;3558027.284828513
2020-09-07;8;2899610.0;3063554.6954870215;3904163.542974529
2020-09-07;9;3705868.0;3701380.5223366795;4134880.9634123715
2020-09-07;10;3942294.0;3953182.132868379;4271389.49049572
2020-09-07;11;3961350.0;4029593.811425783;4329022.403440263
2020-09-07;12;3972602.0;4092399.6824938473;4297478.665183944
2020-09-07;13;3753830.0;3957264.288522758;4214473.930375436
2020-09-07;14;3654446.0;3811706.97897882;4286040.152328838
2020-09-07;15;3745027.0;3843920.8485139566;4391758.128644654
2020-09-07;16;3766646.0;3843892.2516894825;4561194.53538228
2020-09-07;17;3866270.328125;3922329.381706498;4818428.948037002
2020-09-07;18;3948436.5;4029552.965181106;4975811.277130088
2020-09-07;19;4176312.0;4243236.176703497;5079561.204876253
2020-09-07;20;4182206.0;4328992.076121493;4932891.461875876
2020-09-07;21;4311952.0;4404858.1610359065;4651530.646832957
2020-09-07;22;3871904.0;3944605.2429597885;4309685.97449214
2020-09-07;23;3349076.0;3442696.826149892;3900313.405061182
2020-09-07;24;2839846.0;2933637.1132943705;3503033.056307253
2020-09-08;1;2423190.0;2500625.948624082;3160717.80666937
2020-09-08;2;2179280.0;2284171.61759987;3024074.514866048
2020-09-08;3;2074733.0;2268116.1521786544;2891358.9661084567
2020-09-08;4;2047706.0;2368857.618571669;2845159.069904828
2020-09-08;5;2043655.25;2522026.4920106446;2992266.6333616907
2020-09-08;6;2130669.5;2711060.004612965;3249542.7065619836
2020-09-08;7;2432148.0;2985273.7562539415;3561190.848157073
2020-09-08;8;2904108.0;3329978.065507398;3920701.1307318327
2020-09-08;9;3712430.0;3828409.6572985887;4143934.82224212
2020-09-08;10;3942260.0;3918088.990079785;4287618.636324603
2020-09-08;11;3954816.0;3844753.081024929;4357139.8641096745
2020-09-08;12;3959966.0;3802985.085545025;4278485.853295065
2020-09-08;13;3742596.0;3631915.9025950814;4269942.253706845
2020-09-08;14;3643066.0;3528534.6467791433;4256974.502039129
2020-09-08;15;3735471.0;3675165.602654898;4377576.175429777
2020-09-08;16;3760968.5;3842666.279500172;4545037.938260724
2020-09-08;17;3878203.015625;4114119.2015537415;4771101.6888904385
2020-09-08;18;3955454.5;4409842.668649443;4960632.988334598
2020-09-08;19;4180613.0;4781071.846004091;5073445.129004084
2020-09-08;20;4204008.0;4974977.050948782;4947253.68763623
2020-09-08;21;4333936.0;5101266.425075463;4665859.456219028
2020-09-08;22;3903868.0;4635179.444394281;4340146.538563622
2020-09-08;23;3382696.0;4080208.5592466523;3857881.424902598
2020-09-08;24;2875628.0;3484208.161549735;3531284.072551515
2020-09-09;1;2452176.0;2944825.0303764413;3196593.032519918
2020-09-09;2;2202508.0;2615704.6653416282;3002797.847686083
2020-09-09;3;2090699.0;2491312.3466840507;2838016.869513126
2020-09-09;4;2044215.5;2496066.659393211;2822587.847988225
2020-09-09;5;2055907.96875;2571591.638669277;2977742.2722326918
2020-09-09;6;2135822.0;2705933.8345358125;3256917.722350833
2020-09-09;7;2431105.0;2951847.1050528083;3522516.3414265695
2020-09-09;8;2898288.0;3296488.6459321235;3895116.7191709457
2020-09-09;9;3697646.0;3822456.4109022827;4194297.475334302
2020-09-09;10;3928970.0;3963230.770738439;4304744.088455817
2020-09-09;11;3944742.0;3956731.4807239287;4314880.901625835
2020-09-09;12;3954272.0;3986549.713677405;4306735.660394207
2020-09-09;13;3741770.0;3879350.8168346025;4279015.23901398
2020-09-09;14;3646920.0;3820698.9016137086;4269849.03961016
2020-09-09;15;3743220.0;3985224.1426737867;4367669.319677526
2020-09-09;16;3771367.5;4141885.411680208;4542844.109320091
2020-09-09;17;3877830.765625;4378392.601154477;4775856.926888822
2020-09-09;18;3955086.0;4625247.15337876;4971921.347349995
2020-09-09;19;4189858.0;4946879.654100757;5060378.227436353
2020-09-09;20;4201880.0;5103174.421834707;4988527.086923271
2020-09-09;21;4336386.0;5212587.963872297;4724451.990701387
2020-09-09;22;3902230.0;4752687.52843333;4320130.350212309
2020-09-09;23;3377088.0;4222215.183412077;3865249.5155875655
2020-09-09;24;2866548.0;3658603.238406877;3518838.012042845
2020-09-10;1;2440414.0;3146533.618618756;3197235.1985020386
2020-09-10;2;2189004.0;2828121.9831934636;3005108.7438589917
2020-09-10;3;2086863.0;2691402.3856260083;2878975.2315347167
2020-09-10;4;2041851.5;2661698.455044717;2835941.8665613118
2020-09-10;5;2043249.21875;2688964.430368448;3032476.754397266
2020-09-10;6;2125212.0;2774839.6919196155;3260894.930424285
2020-09-10;7;2423219.0;2987088.153905556;3595996.4202636946
2020-09-10;8;2893670.0;3324855.8241876364;3923868.4314180426
2020-09-10;9;3696714.0;3875976.642561178;4089035.016962668
2020-09-10;10;3932026.0;4070517.133262135;4274930.966636078
2020-09-10;11;3951966.0;4134886.0540584633;4330058.311043055
2020-09-10;12;3965716.0;4235976.341968094;4232666.288193481
2020-09-10;13;3757312.0;4183046.7816031114;4253678.152591705
2020-09-10;14;3657770.0;4148329.525526351;4278805.287451869
2020-09-10;15;3755494.0;4300907.14011945;4392985.960555009
2020-09-10;16;3785051.0;4413526.100142843;4554143.680408439
2020-09-10;17;3904703.78125;4585940.254023118;4769770.530033285
2020-09-10;18;3982553.0;4765532.689500207;4941617.092766116
2020-09-10;19;4216801.0;5033668.545389485;5001338.96879252
2020-09-10;20;4227242.0;5162446.829210617;4980004.372568978
2020-09-10;21;4359278.0;5274439.863137098;4710800.962117397
2020-09-10;22;3922068.0;4842227.232874638;4272202.695551476
2020-09-10;23;3393808.0;4352120.103598471;3905507.232972039
2020-09-10;24;2880210.0;3825514.376618628;3478371.2224745317
2020-09-11;1;2457892.0;3332340.757378865;3259426.4786346317
2020-09-11;2;2207814.0;3005758.7173290187;3043695.752451569
2020-09-11;3;2097425.0;2833446.0745725986;2854603.812375868
2020-09-11;4;2054110.5;2749242.718569266;2829991.8832600038
2020-09-11;5;2058517.5;2718142.077055365;2978229.4477946158
2020-09-11;6;2144468.0;2759046.826910636;3251665.745551832
2020-09-11;7;2446938.0;2954197.7976767467;3581647.605021968
2020-09-11;8;2921702.0;3310150.203220932;3841821.779235377
2020-09-11;9;3728274.0;3912753.1875227783;4081515.6732151527
2020-09-11;10;3968742.0;4180982.014888897;4325939.523068033
2020-09-11;11;3986018.0;4323856.994416245;4309421.501477251
2020-09-11;12;3995188.0;4489109.649117143;4250780.161500873
2020-09-11;13;3780648.0;4470024.631858575;4215920.507630608
2020-09-11;14;3682516.0;4430067.292624211;4239113.44998454
2020-09-11;15;3785267.0;4538762.3169557685;4344719.745259988
2020-09-11;16;3799191.0;4578009.912403072;4517413.80880113
2020-09-11;17;3914476.765625;4662669.323855602;4720083.23945294
2020-09-11;18;3989506.0;4757018.739562073;4972061.168495024
2020-09-11;19;4222836.0;4956758.438219631;5063397.572728531
2020-09-11;20;4225822.0;5042429.0641388325;4919819.503883092
2020-09-11;21;4362452.0;5137679.881846309;4687164.593270504
2020-09-11;22;3930288.0;4709454.779086696;4349548.191499402
2020-09-11;23;3405556.0;4234122.756227723;3920381.0370413275
2020-09-11;24;2892070.0;3722137.3118157014;3537276.5957766636
2020-09-12;1;2457700.0;3234637.799578456;3256581.4700846043
2020-09-12;2;2182394.0;2900215.2414200036;3011033.005345884
2020-09-12;3;2054224.0;2706675.9803444613;2832139.984530564
2020-09-12;4;1974069.0;2591586.478530766;2912689.2753629293
2020-09-12;5;1930958.96875;2525121.446562116;2961757.0439516217
2020-09-12;6;1959661.0;2530466.972088449;3214305.909335906
2020-09-12;7;2207464.0;2691541.560550638;3507469.299837969
2020-09-12;8;2610786.0;3013497.9517356763;3854132.855179507
2020-09-12;9;3344698.0;3578596.0101748686;4104838.983397705
2020-09-12;10;3512944.0;3801940.7871793895;4280329.6896839915
2020-09-12;11;3472314.0;3890602.960241238;4263981.607944006
2020-09-12;12;3436374.0;3993950.9761981918;4205097.119875802
2020-09-12;13;3199160.0;3910962.957324427;4184214.963772494
2020-09-12;14;3085112.0;3813867.6717792084;4220303.328931384
2020-09-12;15;3187524.0;3881816.903229018;4356024.812462527
2020-09-12;16;3241179.5;3904443.2677985285;4498305.798358801
2020-09-12;17;3391054.515625;4000020.0856507462;4722876.364685001
2020-09-12;18;3526520.0;4130649.5249654567;4907284.846013657
2020-09-12;19;3829754.0;4384619.844854796;5008422.360762375
2020-09-12;20;3914842.0;4531765.709465421;4947505.849355332
2020-09-12;21;4120684.0;4684709.907957356;4682478.386466363
2020-09-12;22;3749674.0;4302140.71725496;4314084.184912653
2020-09-12;23;3273444.0;3857163.537152768;3859145.09147748
2020-09-12;24;2789262.0;3362564.73096128;3478252.726252565
2020-09-13;1;2372770.0;2886145.965754025;3219998.7844153414
2020-09-13;2;2102766.0;2564690.8882520003;3100350.2471477618
2020-09-13;3;1956920.0;2392248.7650074367;2884940.933722611
2020-09-13;4;1844996.0;2307634.543134304;2870947.936913635
2020-09-13;5;1759977.4375;2275708.760587544;3002121.0561845563
2020-09-13;6;1741227.5;2308325.35288376;3210781.910838676
2020-09-13;7;1930505.0;2474724.018798559;3534821.481567373
2020-09-13;8;2291054.0;2766186.002246745;3807501.184245003
2020-09-13;9;2989910.0;3256405.632823612;4078503.36294914
2020-09-13;10;3133100.0;3360758.692173523;4279631.903026253
2020-09-13;11;3078390.0;3296878.865641198;4272737.137695447
2020-09-13;12;3039000.0;3233805.496636303;4222089.1263544485
2020-09-13;13;2801462.0;2995627.8524686038;4258445.262196743
2020-09-13;14;2697564.0;2779832.7307939515;4280040.154388389
2020-09-13;15;2825249.0;2785389.971854424;4324091.2897877535
2020-09-13;16;2885673.0;2811871.841521842;4584827.386716091
2020-09-13;17;3064722.765625;2975475.025800796;4765816.625484004
2020-09-13;18;3215814.5;3224915.21329542;4908934.339804774
2020-09-13;19;3532394.0;3627124.38573751;5005622.420348716
2020-09-13;20;3629444.0;3927686.8837848688;4941719.980023779
2020-09-13;21;3847846.0;4217566.368205382;4736759.768977001
2020-09-13;22;3492852.0;3940896.4899370037;4260585.2292183
2020-09-13;23;3039516.0;3565814.98657679;3878196.3820213545
2020-09-13;24;2591358.0;3109716.210222293;3498983.849137893
2020-09-14;1;2223756.0;2652306.8501826883;3218243.7652317486
2020-09-14;2;2008842.0;2345835.1561129508;3047556.4429041636
2020-09-14;3;1939991.0;2199299.9649980688;2865945.923388057
2020-09-14;4;1920168.0;2162630.100817081;2869704.3861166923
2020-09-14;5;1939991.078125;2206145.597177328;3025317.955740706
2020-09-14;6;2034985.0;2341405.604893969;3273745.9446265767
2020-09-14;7;2341836.0;2632893.39754858;3483778.079771446
2020-09-14;8;2817910.0;3064647.808781397;3862326.682060588
2020-09-14;9;3624034.0;3702473.6356310532;4075882.1561689856
2020-09-14;10;3860296.0;3954275.2461627536;4226732.683312464
2020-09-14;11;3879172.0;4030686.924720157;4243506.823824564
2020-09-14;12;3887058.0;4093492.795788221;4278572.472054722
2020-09-14;13;3677360.0;3958357.401817132;4264522.425580438
2020-09-14;14;3571802.0;3812800.092273195;4268128.096334553
2020-09-14;15;3672669.0;3845013.961808332;4352032.215269338
2020-09-14;16;3683901.0;3844985.3649838567;4505051.069383602
2020-09-14;17;3795486.25;3923422.4950008737;4769477.257380032
2020-09-14;18;3865853.5;4030646.07847548;4925136.444751835
2020-09-14;19;4083644.0;4244329.289997871;4948874.821478121
2020-09-14;20;4100044.0;4330085.1894158665;4986928.377227282
2020-09-14;21;4230080.0;4405951.27433028;4722611.671825543
2020-09-14;22;3790352.0;3945698.3562541604;4286763.001267288
2020-09-14;23;3267866.0;3443789.939444264;3851911.1059787823
2020-09-14;24;2758976.0;2934730.2265887423;3470067.69315419
2020-09-15;1;2342638.0;2501719.0619184547;3194680.6046258844
2020-09-15;2;2090520.0;2285264.7308942433;3000021.5405634483
2020-09-15;3;1994707.0;2269209.2654730263;2909193.74673721
2020-09-15;4;1956324.5;2369950.7318660403;2889111.2752487487
2020-09-15;5;1963920.6875;2523119.605305016;2986995.6400075867
2020-09-15;6;2050981.5;2712153.1179073364;3181980.733563856
2020-09-15;7;2362703.0;2986366.8695483133;3509472.4136161613
2020-09-15;8;2832672.0;3331071.178801771;3835830.575077634
2020-09-15;9;3632516.0;3829502.7705929605;4088761.0906313686
2020-09-15;10;3862188.0;3919182.103374157;4199327.738886823
2020-09-15;11;3874666.0;3845846.1943193013;4222322.601285298
2020-09-15;12;3879540.0;3804078.1988393976;4219357.777445898
2020-09-15;13;3668056.0;3633009.0158894537;4205695.536788959
2020-09-15;14;3562354.0;3529627.760073516;4257481.903301277
2020-09-15;15;3654687.0;3676258.715949272;4338544.091509982
2020-09-15;16;3680167.5;3843759.392794545;4516748.9988285415
2020-09-15;17;3797454.6875;4115212.3148481143;4750749.797884313
2020-09-15;18;3874826.5;4410935.781943817;4927678.507487634
2020-09-15;19;4100171.0;4782164.959298464;4972552.740948301
2020-09-15;20;4115460.0;4976070.164243151;4939298.3921110565
2020-09-15;21;4254030.0;5102359.5383698335;4718459.4674762385
2020-09-15;22;3827272.0;4636272.557688652;4333384.339507112
2020-09-15;23;3303462.0;4081301.672541022;3887212.647430034
2020-09-15;24;2793554.0;3485301.274844105;3482046.9137234436
2020-09-16;1;2373612.0;2945918.1436708113;3157970.189262813
2020-09-16;2;2115734.0;2616797.7786359983;3041041.5689862664
2020-09-16;3;2023039.0;2492405.45997842;2849433.837600602
2020-09-16;4;1966369.0;2497159.77268758;2857668.445648983
2020-09-16;5;1978178.859375;2572684.7519636448;2950776.357408658
2020-09-16;6;2058141.5;2707026.94783018;3228219.3224113923
2020-09-16;7;2353408.0;2952940.2183471746;3480182.9615565785
2020-09-16;8;2820514.0;3297581.7592264907;3841805.9504265063
2020-09-16;9;3613884.0;3823549.52419665;4062273.3377419855
2020-09-16;10;3850920.0;3964323.8840328073;4168048.253800825
2020-09-16;11;3866522.0;3957824.5940182973;4202093.8232370615
2020-09-16;12;3875878.0;3987642.8269717735;4168890.258494945
2020-09-16;13;3669270.0;3880443.930128971;4152178.9935291936
2020-09-16;14;3568254.0;3821792.0149080777;4212769.035753269
2020-09-16;15;3664486.0;3986317.2559681567;4319742.764239532
2020-09-16;16;3681086.5;4142978.5249745767;4460669.2877544835
2020-09-16;17;3799142.34375;4379485.714448845;4734214.628417255
2020-09-16;18;3876522.0;4626340.266673126;4912172.870130905
2020-09-16;19;4111483.0;4947972.767395124;4969802.265562367
2020-09-16;20;4132108.0;5104267.535129073;5007942.000382047
2020-09-16;21;4258560.0;5213681.0771666635;4734484.597546336
2020-09-16;22;3824732.0;4753780.641727698;4299663.040808166
2020-09-16;23;3300048.0;4223308.296706444;3910978.7245718436
2020-09-16;24;2786568.0;3659696.351701245;3506462.1918735406
2020-09-17;1;2363946.0;3147626.7319131237;3232437.480130995
2020-09-17;2;2112832.0;2829215.096487833;3055294.2022296437
2020-09-17;3;2010939.0;2692495.498920377;2885377.654956258
2020-09-17;4;1966116.5;2662791.5683390857;2877220.322273408
2020-09-17;5;1967636.296875;2690057.5436628168;2989884.947237997
2020-09-17;6;2049654.0;2775932.805213984;3217017.362311084
2020-09-17;7;2347651.0;2988181.2671999238;3558544.68901849
2020-09-17;8;2818030.0;3325948.9374820045;3755589.506329122
2020-09-17;9;3620958.0;3877069.7558555454;4059367.652091286
2020-09-17;10;3856120.0;4071610.2465565023;4189223.24286825
2020-09-17;11;3875892.0;4135979.1673528315;4240826.918544847
2020-09-17;12;3889470.0;4237069.45526246;4172872.962682589
2020-09-17;13;3680922.0;4184139.894897477;4123912.258398345
2020-09-17;14;3581266.0;4149422.6388207166;4219361.294958982
2020-09-17;15;3689298.0;4302000.253413815;4267588.158076392
2020-09-17;16;3708479.5;4414619.213437209;4512275.161876755
2020-09-17;17;3828193.53125;4587033.367317485;4726360.901082337
2020-09-17;18;3906173.5;4766625.802794572;4889627.809717854
2020-09-17;19;4130351.0;5034761.6586838495;5018249.632781134
2020-09-17;20;4151312.0;5163539.9425049815;4951188.245863558
2020-09-17;21;4283646.0;5275532.976431465;4672917.346219034
2020-09-17;22;3849760.0;4843320.346169005;4274326.394075028
2020-09-17;23;3318872.0;4353213.216892837;3861753.767117278
2020-09-17;24;2805624.0;3826607.489912994;3468572.090560431
2020-09-18;1;2383642.0;3333433.870673232;3212962.7689498165
2020-09-18;2;2125368.0;3006851.830623385;3019063.487713197
2020-09-18;3;2034105.0;2834539.1878669667;2813538.0562829776
2020-09-18;4;1980611.0;2750335.8318636324;2821760.9026469886
2020-09-18;5;1985146.484375;2719235.1903497325;2940941.2809077464
2020-09-18;6;2071158.0;2760139.940205004;3157225.136023029
2020-09-18;7;2383888.0;2955290.910971115;3544693.931644786
2020-09-18;8;2848324.0;3311243.3165153;3796268.226060655
2020-09-18;9;3648914.0;3913846.300817147;4021331.903752105
2020-09-18;10;3895104.0;4182075.1281832657;4177932.9052517433
2020-09-18;11;3912320.0;4324950.107710615;4199507.571743165
2020-09-18;12;3921226.0;4490202.7624115115;4178069.2088836893
2020-09-18;13;3712594.0;4471117.745152945;4211256.285283233
2020-09-18;14;3608304.0;4431160.40591858;4134867.552893744
2020-09-18;15;3700626.0;4539855.430250136;4261935.074863703
2020-09-18;16;3724921.5;4579103.025697441;4496631.901820674
2020-09-18;17;3840274.890625;4663762.437149971;4714462.6932362635
2020-09-18;18;3915439.0;4758111.852856442;4894083.839259658
2020-09-18;19;4138705.0;4957851.551513999;5024609.7361234035
2020-09-18;20;4160570.0;5043522.1774332;4917375.2719799
2020-09-18;21;4289156.0;5138772.995140677;4688081.784806762
2020-09-18;22;3860316.0;4710547.8923810655;4298584.043670114
2020-09-18;23;3333066.0;4235215.869522093;3862037.146764986
2020-09-18;24;2816650.0;3723230.4251100696;3457296.3726076735
2020-09-19;1;2385808.0;3235730.912872825;3205792.758220306
2020-09-19;2;2110806.0;2901308.3547143717;3014444.443424475
2020-09-19;3;1993268.0;2707769.093638829;2827845.4308237014
2020-09-19;4;1902942.0;2592679.5918251337;2799677.6257482967
2020-09-19;5;1859967.4375;2526214.5598564856;2914968.843684948
2020-09-19;6;1888734.5;2531560.0853828187;3140688.2077994295
2020-09-19;7;2126271.0;2692634.6738450075;3455773.0695983907
2020-09-19;8;2539800.0;3014591.0650300463;3793839.8229663344
2020-09-19;9;3267738.0;3579689.1234692386;4015529.3262334107
2020-09-19;10;3441712.0;3803033.90047376;4175924.84497078
2020-09-19;11;3400928.0;3891696.073535608;4188404.541698301
2020-09-19;12;3364832.0;3995044.089492561;4180914.437278285
2020-09-19;13;3127484.0;3912056.070618796;4152472.2661824464
2020-09-19;14;3013334.0;3814960.785073577;4173895.2399221864
2020-09-19;15;3115689.0;3882910.016523388;4279570.346547308
2020-09-19;16;3169352.0;3905536.381092898;4483215.227545805
2020-09-19;17;3319302.90625;4001113.1989451186;4721008.785082769
2020-09-19;18;3466390.5;4131742.6382598295;4906825.1510226885
2020-09-19;19;3748084.0;4385712.9581491705;4961308.5706910025
2020-09-19;20;3852054.0;4532858.822759796;4926605.22630834
2020-09-19;21;4049862.0;4685803.021251729;4713836.5759075815
2020-09-19;22;3682186.0;4303233.830549334;4228033.503619282
2020-09-19;23;3203442.0;3858256.650447142;3846869.850197878
2020-09-19;24;2719522.0;3363657.8442556537;3458700.409939005
2020-09-20;1;2303376.0;2887239.079048398;3172747.371644617
2020-09-20;2;2025184.0;2565784.001546373;2952252.393835896
2020-09-20;3;1888102.0;2393341.8783018105;2850440.7257204633
2020-09-20;4;1776386.5;2308727.656428678;2812923.590716381
2020-09-20;5;1679594.484375;2276801.873881917;2875129.8202795736
2020-09-20;6;1672830.0;2309418.466178133;3121884.462238735
2020-09-20;7;1862114.0;2475817.132092932;3439643.733203223
2020-09-20;8;2222610.0;2767279.1155411177;3744629.1554086665
2020-09-20;9;2915498.0;3257498.746117985;3968892.3790292833
2020-09-20;10;3064424.0;3361851.805467895;4107514.931475205
2020-09-20;11;3009562.0;3297971.9789355705;4124601.690962512
2020-09-20;12;2970028.0;3234898.6099306745;4149328.04917584
2020-09-20;13;2738404.0;2996720.965762975;4134982.751447196
2020-09-20;14;2628364.0;2780925.844088324;4149539.539649924
2020-09-20;15;2745635.0;2786483.085148796;4261862.965845512
2020-09-20;16;2827976.0;2812964.9548162143;4479482.706476154
2020-09-20;17;2995570.484375;2976568.1390951695;4686594.975995709
2020-09-20;18;3146810.5;3226008.326589794;4835437.882547359
2020-09-20;19;3453339.0;3628217.499031885;4976198.423413728
2020-09-20;20;3569276.0;3928779.997079244;4938631.6035373565
2020-09-20;21;3779652.0;4218659.481499755;4616831.699341648
2020-09-20;22;3427994.0;3941989.6032313793;4264279.9370223135
2020-09-20;23;2972048.0;3566908.0998711637;3792383.1328610494
2020-09-20;24;2521078.0;3110809.3235166674;3440630.505545144
2020-09-21;1;2157018.0;2653399.963477062;3119505.084483002
2020-09-21;2;1942422.0;2346928.269407325;2969237.3652883773
2020-09-21;3;1873842.0;2200393.078292442;2763742.2724084947
2020-09-21;4;1854231.5;2163723.214111455;2764383.998701481
2020-09-21;5;1874201.65625;2207238.7104717023;2844569.226929809
2020-09-21;6;1969273.0;2342498.718188344;3086267.993444317
2020-09-21;7;2276138.0;2633986.5108429543;3386477.0725728814
2020-09-21;8;2752166.0;3065740.9220757713;3673420.8404114083
2020-09-21;9;3552332.0;3703566.748925428;3953433.7884100317
2020-09-21;10;3794336.0;3955368.359457128;4127229.2732351283
2020-09-21;11;3813068.0;4031780.038014532;4181796.23383915
2020-09-21;12;3820812.0;4094585.909082596;4117207.878463128
2020-09-21;13;3610992.0;3959450.5151115065;4136898.0373206087
2020-09-21;14;3505340.0;3813893.2055675695;4120320.877541128
2020-09-21;15;3595803.0;3846107.0751027064;4301369.914031442
2020-09-21;16;3617423.5;3846078.4782782313;4446976.928391774
2020-09-21;17;3729095.09375;3924515.6082952484;4622499.51214037
2020-09-21;18;3811098.0;4031739.1917698537;4866721.76452471
2020-09-21;19;4017628.0;4245422.403292243;4876810.871423547
2020-09-21;20;4042660.0;4331178.302710239;4932036.486352265
2020-09-21;21;4164670.0;4407044.387624652;4565961.644987318
2020-09-21;22;3728290.0;3946791.469548532;4209615.145585686
2020-09-21;23;3203306.0;3444883.052738635;3763785.53165588
2020-09-21;24;2694690.0;2935823.3398831133;3457591.623862035
2020-09-22;1;2278716.0;2502812.175212826;3148075.644806351
2020-09-22;2;2026922.0;2286357.8441886143;2883316.941901341
2020-09-22;3;1941759.0;2270302.378767398;2791019.1573734763
2020-09-22;4;1893224.5;2371043.8451604126;2746804.8973049102
2020-09-22;5;1889061.28125;2524212.7185993874;2878100.0303108813
2020-09-22;6;1988123.0;2713246.2312017083;3062999.09479226
2020-09-22;7;2289599.0;2987459.9828426843;3403752.458699236
2020-09-22;8;2769792.0;3332164.2920961413;3694821.8296943805
2020-09-22;9;3563686.0;3830595.883887332;3941085.5587339685
2020-09-22;10;3799104.0;3920275.216668529;4050761.616645851
2020-09-22;11;3811344.0;3846939.3076136718;4111937.764487295
2020-09-22;12;3816184.0;3805171.3121337695;4083656.739459548
2020-09-22;13;3604588.0;3634102.129183827;4139229.0492714583
2020-09-22;14;3498806.0;3530720.8733678907;4179292.643902692
2020-09-22;15;3591104.0;3677351.829243645;4229482.499164697
2020-09-22;16;3628149.5;3844852.5060889176;4439999.061814395
2020-09-22;17;3733994.515625;4116305.428142487;4658426.511386601
2020-09-22;18;3811527.5;4412028.895238189;4881514.226103965
2020-09-22;19;4026836.0;4783258.072592833;4984357.954542256
2020-09-22;20;4061028.0;4977163.277537524;4856750.494314136
2020-09-22;21;4191586.0;5103452.651664204;4649497.304426713
2020-09-22;22;3765194.0;4637365.670983021;4256206.8048088765
2020-09-22;23;3241874.0;4082394.785835392;3788724.039876995
2020-09-22;24;2732250.0;3486394.388138474;3426266.740872816
2020-09-23;1;2312680.0;2947011.2569651804;3147448.8679439663
2020-09-23;2;2055134.0;2617890.8919303683;2889441.5917116506
2020-09-23;3;1952353.0;2493498.573272789;2803740.3533585668
2020-09-23;4;1906281.5;2498252.885981948;2798461.1158331763
2020-09-23;5;1906339.484375;2573777.8652580124;2888713.906192712
2020-09-23;6;1998310.0;2708120.0611245483;3080674.5980317467
2020-09-23;7;2293604.0;2954033.3316415427;3394915.6963800467
2020-09-23;8;2760680.0;3298674.8725208575;3683434.980312675
2020-09-23;9;3553974.0;3824642.6374910166;3954964.3462900487
2020-09-23;10;3790896.0;3965416.997327175;4067357.902902718
2020-09-23;11;3806368.0;3958917.7073126663;4113786.8771458436
2020-09-23;12;3815600.0;3988735.940266143;4090878.8533515926
2020-09-23;13;3608882.0;3881537.0434233407;4078474.343466209
2020-09-23;14;3507790.0;3822885.1282024477;4181520.3289067433
2020-09-23;15;3603997.0;3987410.369262525;4219851.9880339885
2020-09-23;16;3632170.5;4144071.638268945;4452733.998084963
2020-09-23;17;3738790.21875;4380578.827743213;4694760.223082995
2020-09-23;18;3827821.5;4627433.379967493;4841447.553648785
2020-09-23;19;4041272.0;4949065.88068949;4969952.419402074
2020-09-23;20;4072458.0;5105360.648423439;4902626.1197804725
2020-09-23;21;4199252.0;5214774.190461031;4673705.26914951
2020-09-23;22;3768786.0;4754873.755022065;4243858.135443677
2020-09-23;23;3241512.0;4224401.410000811;3783645.190675022
2020-09-23;24;2728428.0;3660789.4649956133;3477639.5797533737
2020-09-24;1;2306182.0;3148719.8452074924;3130570.7409513644
2020-09-24;2;2055410.0;2830308.2097822027;2928383.9790478423
2020-09-24;3;1953809.0;2693588.6122147455;2811110.752411495
2020-09-24;4;1909223.0;2663884.6816334543;2755779.9418571545
2020-09-24;5;1898996.765625;2691150.6569571854;2844339.4893566086
2020-09-24;6;1993029.5;2777025.918508352;3059305.5961333667
2020-09-24;7;2291063.0;2989274.380494292;3376815.123668998
2020-09-24;8;2761420.0;3327042.0507763727;3721697.1685565407
2020-09-24;9;3558408.0;3878162.8691499135;3937016.455631237
2020-09-24;10;3802316.0;4072703.359850872;4058823.756630907
2020-09-24;11;3818986.0;4137072.2806471973;4109838.6885553217
2020-09-24;12;3832448.0;4238162.568556828;4137775.656834689
2020-09-24;13;3623798.0;4185233.008191845;4029496.27146112
2020-09-24;14;3524072.0;4150515.7521150825;4162289.645195662
2020-09-24;15;3621718.0;4303093.36670818;4243724.0302574085
2020-09-24;16;3662848.5;4415712.326731572;4459527.854759216
2020-09-24;17;3771136.78125;4588126.48061185;4692466.364864078
2020-09-24;18;3860775.0;4767718.916088936;4872556.219505713
2020-09-24;19;4073714.0;5035854.771978213;4968960.9204019485
2020-09-24;20;4103328.0;5164633.0557993455;4871318.274745247
2020-09-24;21;4227668.0;5276626.08972583;4663798.1935526915
2020-09-24;22;3791184.0;4844413.459463372;4263780.010475467
2020-09-24;23;3263682.0;4354306.330187203;3836789.756926314
2020-09-24;24;2750836.0;3827700.6032073614;3421205.8090031077
2020-09-25;1;2329236.0;3334526.9839675985;3151568.974986394
2020-09-25;2;2071312.0;3007944.943917753;2940233.7111667474
2020-09-25;3;1969979.0;2835632.301161333;2806248.560030946
2020-09-25;4;1927098.5;2751428.945158001;2763236.190213752
2020-09-25;5;1919897.40625;2720328.303644101;2828055.162541245
2020-09-25;6;2029412.0;2761233.0534993717;3075495.939396058
2020-09-25;7;2320439.0;2956384.0242654844;3362629.8727856064
2020-09-25;8;2795124.0;3312336.4298096695;3669058.9043445583
2020-09-25;9;3595652.0;3914939.414111517;3919979.600860788
2020-09-25;10;3841750.0;4183168.2414776343;4023278.407554125
2020-09-25;11;3858746.0;4326043.221004983;4085209.9413300334
2020-09-25;12;3867648.0;4491295.875705881;4060147.660617327
2020-09-25;13;3658922.0;4472210.858447311;4070951.9218947473
2020-09-25;14;3563072.0;4432253.519212948;4155421.70090211
2020-09-25;15;3646888.0;4540948.543544507;4243520.014498623
2020-09-25;16;3682768.5;4580196.1389918085;4427957.735154778
2020-09-25;17;3786702.09375;4664855.55044434;4673602.601736415
2020-09-25;18;3862054.5;4759204.96615081;4895584.278433905
2020-09-25;19;4085571.0;4958944.664808366;4973357.152221352
2020-09-25;20;4107746.0;5044615.29072757;4852402.848144184
2020-09-25;21;4236692.0;5139866.108435047;4629358.2229620805
2020-09-25;22;3808246.0;4711641.005675434;4226380.932004215
2020-09-25;23;3281410.0;4236308.982816463;3808382.101427598
2020-09-25;24;2765400.0;3724323.5384044396;3409173.605893048
2020-09-26;1;2328904.0;3236824.026167193;3126402.48794862
2020-09-26;2;2068808.0;2902401.4680087413;2849007.7788284863
2020-09-26;3;1932708.0;2708862.206933199;2767838.6362376157
2020-09-26;4;1853005.0;2593772.705119504;2747269.3189540817
2020-09-26;5;1798300.125;2527307.673150856;2837479.789234344
2020-09-26;6;1850582.0;2532653.198677189;3061374.5533595714
2020-09-26;7;2086954.0;2693727.787139379;3383910.607090073
2020-09-26;8;2490214.0;3015684.1783244163;3684929.2638390283
2020-09-26;9;3218094.0;3580782.2367636105;3924577.869837866
2020-09-26;10;3391982.0;3804127.0137681295;4072791.141547752
2020-09-26;11;3351092.0;3892789.186829978;4053920.783083058
2020-09-26;12;3318078.0;3996137.2027869313;4071416.2336216364
2020-09-26;13;3077458.0;3913149.1839131657;4103477.925679351
2020-09-26;14;2963260.0;3816053.898367947;4150161.2600872535
2020-09-26;15;3065618.0;3884003.1298177587;4234997.959678033
2020-09-26;16;3130875.0;3906629.4943872713;4443619.242309975
2020-09-26;17;3269414.765625;4002206.3122394914;4699312.764390001
2020-09-26;18;3416695.5;4132835.751554203;4850927.910939785
2020-09-26;19;3698652.0;4386806.071443544;5000848.055872946
2020-09-26;20;3802942.0;4533951.936054169;4899899.387607844
2020-09-26;21;4001114.0;4686896.134546104;4668711.279950652
2020-09-26;22;3630858.0;4304326.94384371;4211901.089400167
2020-09-26;23;3155408.0;3859349.763741517;3777360.274174892
2020-09-26;24;2672012.0;3364750.9575500283;3421182.395556652
2020-09-27;1;2256268.0;2888332.1923427726;3144401.16270256
2020-09-27;2;1986944.0;2566877.1148407464;2814719.9406786924
2020-09-27;3;1831312.0;2394434.9915961837;2740884.373175669
2020-09-27;4;1730223.0;2309820.7697230508;2761944.6033787774
2020-09-27;5;1633624.6875;2277894.9871762907;2807497.3870975124
2020-09-27;6;1626987.0;2310511.5794725064;3058073.916943078
2020-09-27;7;1816330.0;2476910.245387305;3285417.712567965
2020-09-27;8;2176830.0;2768372.2288354905;3658593.423545895
2020-09-27;9;2869670.0;3258591.8594123577;3893245.1823664964
2020-09-27;10;3018514.0;3362944.918762268;4028214.357787122
2020-09-27;11;2963564.0;3299065.0922299433;4067901.1388293942
2020-09-27;12;2923930.0;3235991.7232250464;4079926.63668014
2020-09-27;13;2692232.0;2997814.079057347;4018485.79597924
2020-09-27;14;2590646.0;2782018.9573826957;4047974.427217117
2020-09-27;15;2699428.0;2787576.198443169;4195275.343971233
2020-09-27;16;2781837.0;2814058.0681105885;4388013.296279213
2020-09-27;17;2949565.578125;2977661.2523895437;4633213.197455917
2020-09-27;18;3101008.5;3227101.4398841695;4860588.101087127
2020-09-27;19;3407804.0;3629310.61232626;4960226.056039868
2020-09-27;20;3524072.0;3929873.110373618;4837538.497391305
2020-09-27;21;3734824.0;4219752.59479413;4636102.834453179
2020-09-27;22;3380588.0;3943082.716525753;4235080.621235471
2020-09-27;23;2928056.0;3568001.213165538;3780823.925338302
2020-09-27;24;2477514.0;3111902.436811041;3368751.5546942526
2020-09-28;1;2107814.0;2654493.0767714363;3066493.8539619925
2020-09-28;2;1899640.0;2348021.382701699;2893011.098034386
2020-09-28;3;1831390.0;2201486.1915868158;2703694.8065773933
2020-09-28;4;1812044.5;2164816.327405829;2734236.49329434
2020-09-28;5;1820302.421875;2208331.8237660783;2820959.0195864663
2020-09-28;6;1938904.0;2343591.831482719;2961775.840662156
2020-09-28;7;2234357.0;2635079.6241373285;3232054.2910495717
2020-09-28;8;2710394.0;3066834.0353701464;3573194.1417064858
2020-09-28;9;3510522.0;3704659.8622198026;3876802.347617852
2020-09-28;10;3755438.0;3956461.472751502;3975288.536880647
2020-09-28;11;3771100.0;4032873.151308906;4046830.356087039
2020-09-28;12;3781942.0;4095679.0223769695;4047526.8236773713
2020-09-28;13;3568868.0;3960543.6284058806;4029094.1757468795
2020-09-28;14;3463186.0;3814986.3188619437;4025484.1081014113
2020-09-28;15;3553663.0;3847200.1883970806;4138718.570185362
2020-09-28;16;3586896.5;3847171.5915726055;4330846.233973532
2020-09-28;17;3687175.484375;3925608.721589621;4579179.5797730265
2020-09-28;18;3757910.0;4032832.305064228;4806323.426763631
2020-09-28;19;3976198.0;4246515.5165866185;4887434.2006217865
2020-09-28;20;4001564.0;4332271.416004611;4839539.302801536
2020-09-28;21;4123962.0;4408137.5009190235;4582694.015031564
2020-09-28;22;3688000.0;3947884.582842905;4220570.879770221
2020-09-28;23;3163346.0;3445976.1660330067;3700911.0845292974
2020-09-28;24;2655272.0;2936916.453177485;3323977.9001232875
2020-09-29;1;2233664.0;2503905.288507198;3085814.673945812
2020-09-29;2;1996802.0;2287450.957482986;2848480.4816329638
2020-09-29;3;1893108.0;2271395.49206177;2707561.87252245
2020-09-29;4;1855219.0;2372136.9584547845;2726797.172969452
2020-09-29;5;1851265.40625;2525305.83189376;2790234.5321115144
2020-09-29;6;1961950.5;2714339.3444960797;2976925.1099747163
2020-09-29;7;2252022.0;2988553.096137056;3283358.20865817
2020-09-29;8;2732234.0;3333257.4053905117;3553198.948511384
2020-09-29;9;3526100.0;3831688.997181702;3833073.724199237
2020-09-29;10;3761456.0;3921368.329962901;4008670.8352562683
2020-09-29;11;3773618.0;3848032.420908045;4035357.3276348114
2020-09-29;12;3781562.0;3806264.4254281432;3986790.3649712377
2020-09-29;13;3566722.0;3635195.2424782;3979220.237128594
2020-09-29;14;3460916.0;3531813.986662264;4008710.6271230136
2020-09-29;15;3553242.0;3678444.942538019;4101785.782042108
2020-09-29;16;3590370.0;3845945.6193832895;4318541.313677296
2020-09-29;17;3696365.453125;4117398.5414368613;4550594.509708212
2020-09-29;18;3774119.0;4413122.008532561;4769358.981002633
2020-09-29;19;3989713.0;4784351.185887205;4854299.447229346
2020-09-29;20;4024252.0;4978256.390831893;4783367.257009063
2020-09-29;21;4161068.0;5104545.7649585735;4555217.401276868
2020-09-29;22;3726254.0;4638458.784277392;4155319.6930227177
2020-09-29;23;3206260.0;4083487.899129762;3712386.3114272025
2020-09-29;24;2697180.0;3487487.501432844;3368079.160084078
2020-09-30;1;2271988.0;2948104.3702595495;3085565.0404392392
2020-09-30;2;2029380.0;2618984.005224736;2852103.5201079235
2020-09-30;3;1918448.0;2494591.6865671584;2771174.3378626504
2020-09-30;4;1872658.5;2499345.9992763167;2658591.275232661
2020-09-30;5;1872935.203125;2574870.978552381;2827324.399198358
2020-09-30;6;1976538.0;2709213.1744189155;2976445.0793612413
2020-09-30;7;2260436.0;2955126.44493591;3263426.2207762687
2020-09-30;8;2719190.0;3299767.9858152256;3560180.992135548
2020-09-30;9;3520812.0;3825735.750785385;3870282.4172748975
2020-09-30;10;3757680.0;3966510.110621543;4011771.742883046
2020-09-30;11;3773084.0;3960010.8206070345;4054520.2992190537
2020-09-30;12;3785428.0;3989829.0535605117;4068615.413829706
2020-09-30;13;3575478.0;3882630.1567177093;3992411.7905661836
2020-09-30;14;3474368.0;3823978.2414968167;4034424.966823385
2020-09-30;15;3570610.0;3988503.482556894;4136648.9534254563
2020-09-30;16;3598876.0;4145164.7515633125;4365600.362451321
2020-09-30;17;3705655.546875;4381671.94103758;4561639.94047635
2020-09-30;18;3783434.0;4628526.49326186;4791842.704781312
2020-09-30;19;4018926.0;4950158.993983856;4853812.9312011255
2020-09-30;20;4040200.0;5106453.761717807;4791233.955173473
2020-09-30;21;4167396.0;5215867.303755396;4536450.369758972
2020-09-30;22;3734382.0;4755966.8683164315;4161084.8969649114
2020-09-30;23;3210442.0;4225494.523295178;3757311.9885167005
2020-09-30;24;2697912.0;3661882.5782899805;3355642.003280398
2020-10-01;1;2270056.0;3149812.9585018605;3048867.1562165245
2020-10-01;2;2034226.0;2831401.3230765704;2859191.528813699
2020-10-01;3;1924481.0;2694681.7255091136;2705420.36658892
2020-10-01;4;1880187.0;2664977.794927822;2681612.628901539
2020-10-01;5;1870189.21875;2692243.770251553;2799500.650871334
2020-10-01;6;1964381.0;2778119.03180272;3010700.1606704537
2020-10-01;7;2262507.0;2990367.493788658;3202607.4302795483
2020-10-01;8;2732900.0;3328135.164070739;3575201.3226091787
2020-10-01;9;3529878.0;3879255.9824442817;3830109.779738108
2020-10-01;10;3770758.0;4073796.4731452367;4024984.621243698
2020-10-01;11;3790350.0;4138165.3939415663;4036441.820887055
2020-10-01;12;3806932.0;4239255.681851193;4016583.041246183
2020-10-01;13;3595058.0;4186326.1214862107;3992819.1625500494
2020-10-01;14;3495326.0;4151608.8654094487;4031513.7850584923
2020-10-01;15;3593011.0;4304186.480002547;4142419.65348184
2020-10-01;16;3634243.0;4416805.440025938;4289038.172697953
2020-10-01;17;3742698.484375;4589219.5939062135;4574019.388081022
2020-10-01;18;3821093.0;4768812.029383301;4766233.011095143
2020-10-01;19;4045815.0;5036947.885272578;4900261.69145534
2020-10-01;20;4075792.0;5165726.16909371;4830500.393402388
2020-10-01;21;4206406.0;5277719.203020196;4573774.4812326515
2020-10-01;22;3764498.0;4845506.572757738;4214434.578197827
2020-10-01;23;3237460.0;4355399.443481571;3768309.053479955
2020-10-01;24;2725074.0;3828793.7165017286;3321853.4321437506
2020-10-02;1;2297872.0;3335620.097261966;3178291.302029465
2020-10-02;2;2054902.0;3009038.05721212;2998345.8852687795
2020-10-02;3;1945427.0;2836725.4144557;2893484.6432331163
2020-10-02;4;1902850.0;2752522.0584523687;2921232.1054951637
2020-10-02;5;1895885.0625;2721421.4169384683;3092342.9583823364
2020-10-02;6;2005567.0;2762326.16679374;3423838.008011644
2020-10-02;7;2296698.0;2957477.137559852;3844165.5421711504
2020-10-02;8;2763076.0;3313429.543104038;4120727.370146722
2020-10-02;9;3577818.0;3916032.5274058864;4297003.141384105
2020-10-02;10;3818010.0;4184261.354772004;4328292.079786512
2020-10-02;11;3834956.0;4327136.334299353;4298069.3875372335
2020-10-02;12;3846986.0;4492388.9890002515;4183139.4841475235
2020-10-02;13;3635040.0;4473303.971741681;4108536.329336532
2020-10-02;14;3530696.0;4433346.632507317;4173701.117168946
2020-10-02;15;3623057.0;4542041.6568388725;4366477.542276266
2020-10-02;16;3659050.0;4581289.252286176;4603040.190078927
2020-10-02;17;3763159.75;4665948.663738707;4899009.456797975
2020-10-02;18;3838755.5;4760298.079445179;5078342.606437741
2020-10-02;19;4072849.0;4960037.778102738;5149440.339617468
2020-10-02;20;4085130.0;5045708.404021938;4958184.359540053
2020-10-02;21;4220360.0;5140959.221729416;4593374.94350653
2020-10-02;22;3783514.0;4712734.118969804;4116673.6561637265
2020-10-02;23;3260028.0;4237402.096110831;3703840.9530824414
2020-10-02;24;2744594.0;3725416.651698808;3381910.0215244093
2020-10-03;1;2308546.0;3237917.1394615625;3144234.1907534264
2020-10-03;2;2048868.0;2903494.5813031094;3001881.64545038
2020-10-03;3;1913137.0;2709955.320227567;2853472.052541578
2020-10-03;4;1833742.5;2594865.8184138727;2861288.736066846
2020-10-03;5;1791195.203125;2528400.786445225;3129448.984044903
2020-10-03;6;1820256.0;2533746.3119715587;3396057.4591421643
2020-10-03;7;2068221.0;2694820.9004337485;3776538.0554918605
2020-10-03;8;2463180.0;3016777.2916187868;4097565.865565965
2020-10-03;9;3199420.0;3581875.3500579805;4251893.014702343
2020-10-03;10;3373274.0;3805220.1270625005;4300487.238092306
2020-10-03;11;3332342.0;3893882.300124348;4241239.346953766
2020-10-03;12;3299280.0;3997230.3160813013;4167672.319590135
2020-10-03;13;3058638.0;3914242.297207536;4119211.5418527382
2020-10-03;14;2944448.0;3817147.011662317;4172394.3610588033
2020-10-03;15;3046861.0;3885096.2431121287;4328834.436334918
2020-10-03;16;3112235.0;3907722.6076816414;4611268.752401698
2020-10-03;17;3262873.875;4003299.4255338633;4861514.526095226
2020-10-03;18;3387012.5;4133928.864848575;5001584.095485455
2020-10-03;19;3691034.0;4387899.184737918;5129332.036392308
2020-10-03;20;3785434.0;4535045.049348543;4867298.6366702365
2020-10-03;21;3989900.0;4687989.247840479;4536223.929854287
2020-10-03;22;3614238.0;4305420.0571380835;4072513.4778588032
2020-10-03;23;3139268.0;3860442.8770358907;3706828.4209123086
2020-10-03;24;2656346.0;3365844.0708444025;3361546.8085230524
2020-10-04;1;2241064.0;2889425.3056371473;3135862.2897725436
2020-10-04;2;1972160.0;2567970.22813512;2967672.2918112394
2020-10-04;3;1816905.0;2395528.104890557;2851047.386804908
2020-10-04;4;1704599.0;2310913.8830174245;2874592.630078508
2020-10-04;5;1619786.578125;2278988.100470664;3102194.4133035387
2020-10-04;6;1613333.0;2311604.692766879;3391223.296943992
2020-10-04;7;1802795.0;2478003.3586816783;3784789.481649668
2020-10-04;8;2155002.0;2769465.342129864;4118726.344891924
2020-10-04;9;2856206.0;3259684.9727067295;4274644.94885356
2020-10-04;10;3005032.0;3364038.03205664;4347243.56089667
2020-10-04;11;2950038.0;3300158.2055243137;4267387.439986123
2020-10-04;12;2913552.0;3237084.8365194174;4212661.751604253
2020-10-04;13;2672606.0;2998907.192351719;4148963.3270381005
2020-10-04;14;2568586.0;2783112.070677068;4167180.7471368574
2020-10-04;15;2696304.0;2788669.311737541;4328541.823215368
2020-10-04;16;2768465.5;2815151.1814049613;4619936.344326077
2020-10-04;17;2936385.984375;2978754.3656839184;4885963.220619606
2020-10-04;18;3088088.5;3228194.553178543;5061706.748158695
2020-10-04;19;3405477.0;3630403.725620634;5094437.207391218
2020-10-04;20;3511866.0;3930966.2236679937;4888290.934901942
2020-10-04;21;3723050.0;4220845.708088504;4556594.067959525
2020-10-04;22;3369284.0;3944175.829820128;4098810.1858188924
2020-10-04;23;2917128.0;3569094.3264599117;3691207.585002128
2020-10-04;24;2467174.0;3112995.5501054158;3389476.8516985383
2020-10-05;1;2097942.0;2655586.1900658105;3151440.1460697483
2020-10-05;2;1890200.0;2349114.4959960734;2996694.6327211205
2020-10-05;3;1822336.0;2202579.3048811904;2841204.9455109793
2020-10-05;4;1803314.0;2165909.440700204;2838116.34917999
2020-10-05;5;1811832.03125;2209424.937060453;3063436.5854818937
2020-10-05;6;1919143.0;2344684.944777093;3417708.191853995
2020-10-05;7;2226203.0;2636172.737431703;3811150.604068082
2020-10-05;8;2693956.0;3067927.14866452;4090493.0261353576
2020-10-05;9;3508322.0;3705752.975514177;4303027.102382428
2020-10-05;10;3744374.0;3957554.586045877;4342479.968804715
2020-10-05;11;3762986.0;4033966.26460328;4270404.147143489
2020-10-05;12;3773800.0;4096772.1356713437;4202616.613618947
2020-10-05;13;3560716.0;3961636.7417002562;4111414.9741054107
2020-10-05;14;3455060.0;3816079.4321563183;4243927.606327057
2020-10-05;15;3545609.0;3848293.301691456;4367632.825479295
2020-10-05;16;3578973.0;3848264.70486698;4615567.373233062
2020-10-05;17;3679449.796875;3926701.8348839963;4906917.705585672
2020-10-05;18;3750451.0;4033925.418358602;5052941.7650908455
2020-10-05;19;3979339.0;4247608.629880991;5147378.417417428
2020-10-05;20;3994834.0;4333364.5292989835;4919895.130414365
2020-10-05;21;4117670.0;4409230.614213397;4562646.169062508
2020-10-05;22;3679198.0;3948977.6961372765;4123929.845963757
2020-10-05;23;3158020.0;3447069.2793273777;3682684.211114132
2020-10-05;24;2650438.0;2938009.566471857;3378539.8043022538
2020-10-06;1;2229304.0;2504998.40180157;3092707.240830941
2020-10-06;2;1992884.0;2288544.070777358;2965770.3065341692
2020-10-06;3;1889577.0;2272488.605356142;2914353.8285069317
2020-10-06;4;1840485.0;2373230.0717491573;2842661.855460832
2020-10-06;5;1860249.609375;2526398.9451881316;3086259.6393507463
2020-10-06;6;1947735.0;2715432.457790451;3424043.0130709833
2020-10-06;7;2249421.0;2989646.209431427;3781457.7372268518
2020-10-06;8;2721358.0;3334350.5186848845;4079265.344220633
2020-10-06;9;3523598.0;3832782.110476074;4268259.343541443
2020-10-06;10;3758950.0;3922461.443257272;4290061.549160388
2020-10-06;11;3771088.0;3849125.534202417;4308527.173776029
2020-10-06;12;3779012.0;3807357.538722516;4215878.297473618
2020-10-06;13;3558120.0;3636288.355772574;4129680.540164485
2020-10-06;14;3458388.0;3532907.0999566377;4212799.8139927415
2020-10-06;15;3561163.0;3679538.055832393;4348183.616267965
2020-10-06;16;3588061.5;3847038.732677665;4605705.365772613
2020-10-06;17;3694263.34375;4118491.6547312336;4827875.009575448
2020-10-06;18;3772291.0;4414215.121826933;5010348.199175035
2020-10-06;19;3998490.0;4785444.299181576;5037949.464799591
2020-10-06;20;4023162.0;4979349.504126267;4897500.443685588
2020-10-06;21;4160430.0;5105638.878252946;4519130.5750299515
2020-10-06;22;3726094.0;4639551.89757176;4096760.1352255074
2020-10-06;23;3206598.0;4084581.0124241314;3649819.6466953387
2020-10-06;24;2698016.0;3488580.614727214;3334136.0382163688
2020-10-07;1;2279354.0;2949197.48355392;3124097.747423605
2020-10-07;2;2022646.0;2620077.1185191064;2954759.721130005
2020-10-07;3;1920608.0;2495684.7998615275;2837900.901503688
2020-10-07;4;1875156.5;2500439.1125706863;2860485.2041720664
2020-10-07;5;1875706.15625;2575964.0918467497;3034263.2113540336
2020-10-07;6;1968032.0;2710306.2877132827;3405308.5185491
2020-10-07;7;2263551.0;2956219.5582302767;3747627.1757777818
2020-10-07;8;2722382.0;3300861.0991095924;4048239.339921142
2020-10-07;9;3529904.0;3826828.864079752;4287349.5465737935
2020-10-07;10;3760910.0;3967603.2239159113;4292556.125469574
2020-10-07;11;3776296.0;3961103.933901403;4300000.502219518
2020-10-07;12;3788622.0;3990922.1668548808;4205639.036735072
2020-10-07;13;3578672.0;3883723.270012079;4122029.94921008
2020-10-07;14;3477604.0;3825071.354791186;4200139.405030606
2020-10-07;15;3573931.0;3989596.595851263;4322535.669627027
2020-10-07;16;3602341.5;4146257.86485768;4556519.5406510895
2020-10-07;17;3721248.265625;4382765.054331947;4909017.2212067805
2020-10-07;18;3787392.0;4629619.6065562265;4990949.774058833
2020-10-07;19;4023230.0;4951252.107278224;5074563.258475178
2020-10-07;20;4044908.0;5107546.875012171;4917435.9490805715
2020-10-07;21;4172560.0;5216960.417049764;4510312.389576728
2020-10-07;22;3740030.0;4757059.981610799;4092198.800135795
2020-10-07;23;3216596.0;4226587.636589547;3674256.2497684974
2020-10-07;24;2704570.0;3662975.6915843487;3264647.1275827424
2020-10-08;1;2283248.0;3150906.0717962296;3116439.6817539
2020-10-08;2;2033330.0;2832494.436370938;2935613.787499755
2020-10-08;3;1932484.0;2695774.8388034827;2819874.4164119386
2020-10-08;4;1876998.0;2666070.90822219;2883807.7448986317
2020-10-08;5;1890727.8125;2693336.8835459216;3075912.10516263
2020-10-08;6;1973217.0;2779212.145097088;3391204.610155741
2020-10-08;7;2271489.0;2991460.607083027;3744766.118574316
2020-10-08;8;2733614.0;3329228.277365107;4087860.387437685
2020-10-08;9;3544852.0;3880349.0957386494;4249123.852528159
2020-10-08;10;3779868.0;4074889.586439605;4290913.886549188
2020-10-08;11;3799450.0;4139258.5072359336;4269346.914617633
2020-10-08;12;3816020.0;4240348.795145561;4171020.99204466
2020-10-08;13;3604154.0;4187419.234780579;4086202.7593975635
2020-10-08;14;3504466.0;4152701.9787038164;4204443.961665298
2020-10-08;15;3612614.0;4305279.593296912;4374033.819911148
2020-10-08;16;3643626.0;4417898.553320304;4609569.57373829
2020-10-08;17;3752301.28125;4590312.707200578;4913523.595154579
2020-10-08;18;3830980.0;4769905.142677667;5070804.13621284
2020-10-08;19;4066321.0;5038040.998566943;5111326.54645677
2020-10-08;20;4086442.0;5166819.282388076;4888923.647567652
2020-10-08;21;4211650.0;5278812.316314562;4503808.288042646
2020-10-08;22;3776102.0;4846599.6860521035;4102182.381642158
2020-10-08;23;3249572.0;4356492.556775937;3686784.751990038
2020-10-08;24;2737698.0;3829886.8297960963;3339610.717562405
2020-10-09;1;2317036.0;3336713.210556333;3057642.1422122032
2020-10-09;2;2059976.0;3010131.170506488;2958389.24501971
2020-10-09;3;1959411.0;2837818.5277500683;2842144.121504003
2020-10-09;4;1905647.5;2753615.1717467355;2840152.3297210457
2020-10-09;5;1922415.46875;2722514.530232836;3042614.227100988
2020-10-09;6;2008918.5;2763419.280088108;3388204.8310300843
2020-10-09;7;2311679.0;2958570.25085422;3740318.882815216
2020-10-09;8;2778150.0;3314522.6563984063;4090191.839077669
2020-10-09;9;3592936.0;3917125.640700255;4234182.776021167
2020-10-09;10;3833138.0;4185354.4680663743;4280266.374448506
2020-10-09;11;3850080.0;4328229.4475937225;4261989.156627347
2020-10-09;12;3862104.0;4493482.102294619;4136037.5656828056
2020-10-09;13;3650170.0;4474397.08503605;4108428.6054983814
2020-10-09;14;3545872.0;4434439.745801685;4140050.3885762175
2020-10-09;15;3648703.0;4543134.77013324;4304955.3590853335
2020-10-09;16;3674482.0;4582382.365580544;4549142.656183416
2020-10-09;17;3778815.296875;4667041.777033077;4824549.420800527
2020-10-09;18;3854702.0;4761391.192739546;5016057.7824416105
2020-10-09;19;4089154.0;4961130.8913971055;5070853.601240562
2020-10-09;20;4101848.0;5046801.517316307;4847628.483668414
2020-10-09;21;4231674.0;5142052.335023785;4482936.24478945
2020-10-09;22;3801198.0;4713827.232264173;4088287.765277207
2020-10-09;23;3278224.0;4238495.2094052015;3611977.80126483
2020-10-09;24;2760120.0;3726509.7649931763;3326491.163220723
2020-10-10;1;2333802.0;3239010.252755931;3046818.86437968
2020-10-10;2;2060044.0;2904587.694597478;2894648.280529716
2020-10-10;3;1933219.0;2711048.4335219357;2762401.1106235133
2020-10-10;4;1842646.0;2595958.931708242;2784752.5978947454
2020-10-10;5;1811924.34375;2529493.899739594;3002794.87978442
2020-10-10;6;1841205.5;2534839.4252659283;3354964.9919343037
2020-10-10;7;2089324.0;2695914.013728118;3663781.5354979923
2020-10-10;8;2484380.0;3017870.4049131563;4032806.031427171
2020-10-10;9;3226534.0;3582968.4633523514;4245811.234582727
2020-10-10;10;3394540.0;3806313.2403568714;4265573.282613832
2020-10-10;11;3353710.0;3894975.4134187177;4195240.168840408
2020-10-10;12;3320542.0;3998323.429375671;4136592.673216135
2020-10-10;13;3079918.0;3915335.4105019057;4096174.4692972736
2020-10-10;14;2965780.0;3818240.1249566856;4125310.0301594967
2020-10-10;15;3078666.0;3886189.3564064982;4272357.905816241
2020-10-10;16;3133830.5;3908815.7209760114;4518586.899414139
2020-10-10;17;3272781.9375;4004392.5388282337;4798500.477668184
2020-10-10;18;3409131.0;4135021.9781429474;5001700.613106313
2020-10-10;19;3713514.0;4388992.298032291;5024045.175273663
2020-10-10;20;3808338.0;4536138.1626429185;4862624.301472751
2020-10-10;21;4007406.0;4689082.361134852;4499632.340480033
2020-10-10;22;3641092.0;4306513.170432458;4048588.013405443
2020-10-10;23;3163660.0;3861535.990330265;3591856.0875210417
2020-10-10;24;2681258.0;3366937.1841387763;3287305.7377149886
2020-10-11;1;2266474.0;2890518.41893152;3034412.0461263363
2020-10-11;2;1989542.0;2569063.341429494;2879775.795527833
2020-10-11;3;1843200.0;2396621.21818493;2786404.180209256
2020-10-11;4;1731253.0;2312006.9963117973;2788861.9325533584
2020-10-11;5;1658648.734375;2280081.2137650377;3056104.329461454
2020-10-11;6;1640504.5;2312697.806061252;3350694.4012853163
2020-10-11;7;1830126.0;2479096.47197605;3737862.119771668
2020-10-11;8;2182436.0;2770558.455424235;4049448.4850432463
2020-10-11;9;2883688.0;3260778.0860011014;4164065.549613182
2020-10-11;10;3032534.0;3365131.145351012;4226528.4477091115
2020-10-11;11;2977542.0;3301251.318818685;4202208.362256811
2020-10-11;12;2941066.0;3238177.9498137888;4061191.9223136893
2020-10-11;13;2706186.0;3000000.305646091;4074419.3104158067
2020-10-11;14;2596174.0;2784205.18397144;4135101.907202865
2020-10-11;15;2723995.0;2789762.4250319144;4293284.4705222165
2020-10-11;16;2796322.0;2816244.2946993345;4539741.003247636
2020-10-11;17;2964472.046875;2979847.478978292;4790591.349502216
2020-10-11;18;3116474.5;3229287.6664729184;4969720.26353863
2020-10-11;19;3434230.0;3631496.8389150086;4978289.804785834
2020-10-11;20;3541038.0;3932059.3369623683;4856600.340474427
2020-10-11;21;3752696.0;4221938.821382878;4490250.253710777
2020-10-11;22;3399436.0;3945268.943114502;3990456.053292322
2020-10-11;23;2947800.0;3570187.4397542863;3632331.670872062
2020-10-11;24;2498374.0;3114088.6633997886;3250543.439033951
2020-10-12;1;2135692.0;2656679.303360184;3084671.042504869
2020-10-12;2;1922374.0;2350207.609290448;2919942.167494446
2020-10-12;3;1854929.0;2203672.4181755655;2768140.922518142
2020-10-12;4;1824735.5;2167002.5539945792;2783813.6417462896
2020-10-12;5;1856997.53125;2210518.050354828;3000423.8561222567
2020-10-12;6;1952622.5;2345778.0580714685;3340796.669082622
2020-10-12;7;2259844.0;2637265.8507260783;3724682.8776298673
2020-10-12;8;2727702.0;3069020.261958896;3977211.5173139283
2020-10-12;9;3542122.0;3706846.0888085514;4144674.159523145
2020-10-12;10;3778198.0;3958647.6993402513;4282258.386076031
2020-10-12;11;3796920.0;4035059.377897655;4190194.516168151
2020-10-12;12;3807636.0;4097865.248965719;4084224.158288666
2020-10-12;13;3594574.0;3962729.8549946304;4031344.944430534
2020-10-12;14;3488978.0;3817172.545450693;4078351.010663755
2020-10-12;15;3590004.0;3849386.4149858314;4256398.069582736
2020-10-12;16;3613167.5;3849357.818161355;4500591.082639578
2020-10-12;17;3713878.703125;3927794.9481783714;4754241.369307816
2020-10-12;18;3785181.5;4035018.5316529763;5006593.034114914
2020-10-12;19;4014437.0;4248701.743175364;5034469.984827312
2020-10-12;20;4022008.0;4334457.642593357;4802025.685310537
2020-10-12;21;4153670.0;4410323.727507769;4479176.243148842
2020-10-12;22;3718690.0;3950070.8094316483;4075043.009454245
2020-10-12;23;3195054.0;3448162.39262175;3641242.4108882663
2020-10-12;24;2684814.0;2939102.679766229;3300681.850667125
2020-10-13;1;2273420.0;2506091.5150959417;3081866.815122141
2020-10-13;2;2022922.0;2289637.1840717304;2881098.930058267
2020-10-13;3;1928541.0;2273581.7186505143;2748310.942515633
2020-10-13;4;1879812.5;2374323.1850435296;2866884.329925094
2020-10-13;5;1899874.515625;2527492.0584825044;2981468.0880430294
2020-10-13;6;1987590.5;2716525.571084823;3303615.676422485
2020-10-13;7;2289442.0;2990739.322725799;3665327.0428086095
2020-10-13;8;2761484.0;3335443.6319792564;3992756.726692835
2020-10-13;9;3563784.0;3833875.2237704457;4166915.614588265
2020-10-13;10;3799158.0;3923554.5565516436;4243707.322070266
2020-10-13;11;3811408.0;3850218.6474967888;4160968.8190331887
2020-10-13;12;3819234.0;3808450.652016888;4037827.0615078514
2020-10-13;13;3604418.0;3637381.4690669477;4000954.730620702
2020-10-13;14;3498700.0;3534000.2132510105;4068686.643469627
2020-10-13;15;3601585.0;3680631.1691267677;4271597.903145857
2020-10-13;16;3617119.0;3848131.8459720383;4488851.602571351
2020-10-13;17;3735093.21875;4119584.768025607;4749187.3625419885
2020-10-13;18;3813423.5;4415308.235121305;4935619.293271344
2020-10-13;19;4039992.0;4786537.412475948;4983636.424671211
2020-10-13;20;4073446.0;4980442.617420636;4823292.789251809
2020-10-13;21;4196968.0;5106731.991547315;4466372.495528596
2020-10-13;22;3771994.0;4640645.010866132;4037931.047988352
2020-10-13;23;3250042.0;4085674.1257185014;3576016.5062660445
2020-10-13;24;2738804.0;3489673.7280215835;3248444.4730242616
2020-10-14;1;2323834.0;2950290.5968482895;3039371.0800389373
2020-10-14;2;2067600.0;2621170.2318134764;2960409.9463633136
2020-10-14;3;1965987.0;2496777.913155897;2791719.032554607
2020-10-14;4;1920903.5;2501532.225865056;2830776.5085219657
2020-10-14;5;1933667.328125;2577057.2051411183;3022395.012291445
2020-10-14;6;2014310.0;2711399.4010076514;3311674.738583593
2020-10-14;7;2299730.0;2957312.671524645;3695206.557687778
2020-10-14;8;2768934.0;3301954.2124039615;3965407.6227873783
2020-10-14;9;3570650.0;3827921.977374121;4164091.9309612997
2020-10-14;10;3807546.0;3968696.33721028;4258290.271776546
2020-10-14;11;3823048.0;3962197.0471957717;4180095.5162637685
2020-10-14;12;3832094.0;3992015.28014925;4076173.0105319936
2020-10-14;13;3625356.0;3884816.3833064483;4095565.280000301
2020-10-14;14;3524350.0;3826164.468085555;4164211.306561537
2020-10-14;15;3631157.0;3990689.709145632;4271513.26298731
2020-10-14;16;3649370.0;4147350.978152049;4585920.453906473
2020-10-14;17;3756598.40625;4383858.167626317;4822933.783072826
2020-10-14;18;3846443.0;4630712.719850593;4961796.845475765
2020-10-14;19;4071172.0;4952345.22057259;5015037.9234922575
2020-10-14;20;4093280.0;5108639.98830654;4841046.777001949
2020-10-14;21;4221408.0;5218053.530344131;4536140.828607713
2020-10-14;22;3792374.0;4758153.094905167;4008929.152623263
2020-10-14;23;3266486.0;4227680.749883913;3616230.9142706892
2020-10-14;24;2754988.0;3664068.804878717;3277984.987580106
2020-10-15;1;2334174.0;3151999.185090598;3058027.6396615864
2020-10-15;2;2084726.0;2833587.549665308;2940160.7227702863
2020-10-15;3;1984309.0;2696867.952097852;2810352.1787308007
2020-10-15;4;1929192.0;2667164.02151656;2838499.9779505488
2020-10-15;5;1931308.765625;2694429.9968402907;3059114.1115149385
2020-10-15;6;2025943.5;2780305.2583914557;3386271.847668975
2020-10-15;7;2324382.0;2992553.720377395;3659239.9864193685
2020-10-15;8;2794970.0;3330321.390659476;4026065.157293724
2020-10-15;9;3592048.0;3881442.2090330175;4179163.5951414783
2020-10-15;10;3832958.0;4075982.699733973;4228703.809706061
2020-10-15;11;3852652.0;4140351.6205303012;4169995.636981116
2020-10-15;12;3865946.0;4241441.90843993;4143463.0357999317
2020-10-15;13;3657288.0;4188512.348074945;4121260.9329124205
2020-10-15;14;3557666.0;4153795.091998182;4159674.3742188346
2020-10-15;15;3665924.0;4306372.706591276;4315557.583205078
2020-10-15;16;3697108.0;4418991.666614668;4543179.3722857665
2020-10-15;17;3806018.15625;4591405.820494941;4858522.441529437
2020-10-15;18;3885003.0;4770998.2559720315;5015990.290159341
2020-10-15;19;4120716.0;5039134.111861309;4992792.071535785
2020-10-15;20;4141266.0;5167912.395682442;4925875.562188293
2020-10-15;21;4266952.0;5279905.429608928;4564599.04835699
2020-10-15;22;3834900.0;4847692.79934647;4065780.518129792
2020-10-15;23;3305910.0;4357585.670070304;3625423.9347117636
2020-10-15;24;2791382.0;3830979.943090463;3276330.6572085
2020-10-16;1;2374414.0;3337806.3238507006;3052833.921673013
2020-10-16;2;2117828.0;3011224.2838008543;2913037.61908038
2020-10-16;3;2017690.0;2838911.641044435;2857045.5160665317
2020-10-16;4;1975828.0;2754708.285041103;2877718.380141432
2020-10-16;5;1981361.5;2723607.6435272032;3037426.5548380264
2020-10-16;6;2068097.5;2764512.3933824752;3308801.4800066217
2020-10-16;7;2360760.0;2959663.364148588;3681744.375587405
2020-10-16;8;2845952.0;3315615.7696927763;4001508.0793974893
2020-10-16;9;3646578.0;3918218.7539946237;4169545.834995693
2020-10-16;10;3892678.0;4186447.581360744;4191072.5753713665
2020-10-16;11;3909732.0;4329322.560888091;4125769.0656167604
2020-10-16;12;3921664.0;4494575.215588988;4076334.8161337883
2020-10-16;13;3709756.0;4475490.198330418;4044350.0696747517
2020-10-16;14;3605522.0;4435532.859096052;4133683.0303632175
2020-10-16;15;3708462.0;4544227.883427608;4274962.184564686
2020-10-16;16;3722873.5;4583475.4788749125;4522448.469245005
2020-10-16;17;3838979.796875;4668134.890327443;4814398.537578179
2020-10-16;18;3926651.5;4762484.306033914;4992715.125937105
2020-10-16;19;4149992.0;4962224.004691474;4978194.392243472
2020-10-16;20;4171470.0;5047894.6306106765;4844885.043308643
2020-10-16;21;4293424.0;5143145.448318154;4507185.979980103
2020-10-16;22;3866434.0;4714920.345558541;4077258.603007075
2020-10-16;23;3341006.0;4239588.322699569;3628165.176625858
2020-10-16;24;2826614.0;3727602.878287545;3271838.5731575987
2020-10-17;1;2397618.0;3240103.3660503;3001571.0050762827
2020-10-17;2;2124330.0;2905680.807891846;2927306.960510899
2020-10-17;3;1997937.0;2712141.546816304;2774189.396185759
2020-10-17;4;1919263.0;2597052.04500261;2832635.294341492
2020-10-17;5;1865389.734375;2530587.0130339633;2970871.7997266115
2020-10-17;6;1906815.5;2535932.5385602973;3339597.63681063
2020-10-17;7;2144833.0;2697007.127022488;3637175.0665420764
2020-10-17;8;2550260.0;3018963.5182075268;3977479.287997332
2020-10-17;9;3286610.0;3584061.5766467215;4135580.2889820826
2020-10-17;10;3460506.0;3807406.3536512405;4145132.975135842
2020-10-17;11;3419682.0;3896068.526713088;4092826.236531884
2020-10-17;12;3383338.0;3999416.54267004;4021376.752043906
2020-10-17;13;3145924.0;3916428.523796275;3982154.942262225
2020-10-17;14;3031846.0;3819333.238251056;4075763.0004133163
2020-10-17;15;3144842.0;3887282.4697008682;4247625.391955019
2020-10-17;16;3200177.0;3909908.8342703814;4456116.30675834
2020-10-17;17;3339361.65625;4005485.652122605;4774355.608336303
2020-10-17;18;3487493.5;4136115.09143732;4958461.583539866
2020-10-17;19;3780764.0;4390085.411326664;4956205.978275723
2020-10-17;20;3876016.0;4537231.27593729;4881682.187353654
2020-10-17;21;4075556.0;4690175.4744292265;4507825.947516547
2020-10-17;22;3709752.0;4307606.283726833;4034248.651480125
2020-10-17;23;3232844.0;3862629.1036246396;3630595.1186321527
2020-10-17;24;2750968.0;3368030.2974331495;3272084.0296173864
2020-10-18;1;2336690.0;2891611.532225894;3053792.2241434227
2020-10-18;2;2060226.0;2570156.4547238657;2924977.267627456
2020-10-18;3;1914311.0;2397714.3314793026;2800303.962921547
2020-10-18;4;1814263.5;2313100.10960617;2848433.8745846213
2020-10-18;5;1718506.203125;2281174.32705941;3016356.761396225
2020-10-18;6;1712503.5;2313790.919355625;3328878.7851477438
2020-10-18;7;1892024.0;2480189.585270423;3712036.538720063
2020-10-18;8;2263052.0;2771651.5687186085;3898804.3919487963
2020-10-18;9;2956012.0;3261871.1992954738;4117430.8008547314
2020-10-18;10;3104878.0;3366224.2586453827;4161639.784653673
2020-10-18;11;3049998.0;3302344.432113056;4125022.693309572
2020-10-18;12;3010232.0;3239271.06310816;4019725.499496248
2020-10-18;13;2778562.0;3001093.4189404617;3959168.6538018887
2020-10-18;14;2677106.0;2785298.297265812;4086947.153103645
2020-10-18;15;2796537.0;2790855.5383262862;4205077.114020145
2020-10-18;16;2869030.0;2817337.4079937083;4502153.078292768
2020-10-18;17;3037413.71875;2980940.5922726663;4766197.396275183
2020-10-18;18;3201196.0;3230380.7797672926;4948037.433519921
2020-10-18;19;3507834.0;3632589.9522093832;5003261.949225801
2020-10-18;20;3615070.0;3933152.450256743;4829746.986069034
2020-10-18;21;3827198.0;4223031.9346772535;4463953.3259061165
2020-10-18;22;3477426.0;3946362.056408877;4007123.3493445427
2020-10-18;23;3023332.0;3571280.5530486605;3591302.9585888213
2020-10-18;24;2574424.0;3115181.7766941623;3245353.78816988
2020-10-19;1;2206198.0;2657772.416654558;3039755.148498631
2020-10-19;2;1999394.0;2351300.7225848217;2899954.7787814955
2020-10-19;3;1932371.0;2204765.53146994;2753934.8963231067
2020-10-19;4;1914071.5;2168095.667288953;2796688.509084171
2020-10-19;5;1923178.75;2211611.1636492037;2977991.136283277
2020-10-19;6;2030944.5;2346871.171365844;3254428.5322335563
2020-10-19;7;2328059.0;2638358.964020453;3692920.8337178663
2020-10-19;8;2814634.0;3070113.3752532713;3934955.4128094683
2020-10-19;9;3614892.0;3707939.2021029256;4091281.828444105
2020-10-19;10;3856850.0;3959740.8126346264;4159777.701165632
2020-10-19;11;3875576.0;4036152.491192029;4100993.022531143
2020-10-19;12;3886292.0;4098958.362260093;4034883.5625915136
2020-10-19;13;3673250.0;3963822.968289005;4054175.143247835
2020-10-19;14;3567706.0;3818265.658745068;4012272.548808165
2020-10-19;15;3668837.0;3850479.528280205;4207572.5697076
2020-10-19;16;3692161.5;3850450.93145573;4504026.154009192
2020-10-19;17;3793100.828125;3928888.0614727456;4769216.961411929
2020-10-19;18;3876182.5;4036111.64494735;4943905.4548708415
2020-10-19;19;4094318.0;4249794.856469738;5000922.363336813
2020-10-19;20;4110660.0;4335550.75588773;4806798.730718901
2020-10-19;21;4234438.0;4411416.840802141;4465607.656277724
2020-10-19;22;3799962.0;3951163.92272602;4023852.6415648414
2020-10-19;23;3276844.0;3449255.505916122;3590354.768968524
2020-10-19;24;2770302.0;2940195.7930606008;3224513.842223562
2020-10-20;1;2356226.0;2507184.628390314;3036041.204294946
2020-10-20;2;2106194.0;2290730.2973661018;2895297.921227137
2020-10-20;3;2001853.0;2274674.8319448857;2753248.211816036
2020-10-20;4;1975388.5;2375416.2983379015;2764991.64908648
2020-10-20;5;1972289.78125;2528585.1717768763;2954977.1474074163
2020-10-20;6;2072142.5;2717618.684379195;3259829.453727144
2020-10-20;7;2363882.0;2991832.4360201713;3607958.602878956
2020-10-20;8;2854636.0;3336536.7452736283;3934592.889117405
2020-10-20;9;3648634.0;3834968.3370648175;4085783.9554961813
2020-10-20;10;3884024.0;3924647.6698460164;4164782.682592874
2020-10-20;11;3896272.0;3851311.760791162;4099866.0992773417
2020-10-20;12;3900910.0;3809543.765311261;4035283.240015512
2020-10-20;13;3689292.0;3638474.58236132;3992567.8802092187
2020-10-20;14;3592124.0;3535093.326545385;4058365.1608627783
2020-10-20;15;3686607.0;3681724.2824211405;4222768.006379368
2020-10-20;16;3713832.5;3849224.959266412;4486955.2233307585
2020-10-20;17;3820493.796875;4120677.8813199806;4767463.7009848775
2020-10-20;18;3910598.5;4416401.3484156765;4959668.530216293
2020-10-20;19;4126042.0;4787630.5257703215;4949279.9950163085
2020-10-20;20;4151558.0;4981535.730715008;4810799.462161093
2020-10-20;21;4283894.0;5107825.104841687;4488860.836043194
2020-10-20;22;3859420.0;4641738.124160501;3963441.9925079723
2020-10-20;23;3337982.0;4086767.239012872;3568974.884764045
2020-10-20;24;2830440.0;3490766.841315953;3234266.147244752
2020-10-21;1;2406730.0;2951383.7101426595;3008869.8447224386
2020-10-21;2;2157004.0;2622263.3451078455;2854516.094393373
2020-10-21;3;2055802.0;2497871.0264502657;2788575.36515942
2020-10-21;4;2011067.5;2502625.3391594244;2789901.5775138005
2020-10-21;5;2012201.3125;2578150.318435487;2919457.959834185
2020-10-21;6;2104975.0;2712492.51430202;3243539.96056444
2020-10-21;7;2390544.0;2958405.784819013;3626665.177140746
2020-10-21;8;2868190.0;3303047.3256983296;3902606.8235909618
2020-10-21;9;3661598.0;3829015.0906684888;4062352.70163091
2020-10-21;10;3898502.0;3969789.450504649;4114008.2606254723
2020-10-21;11;3913994.0;3963290.160490141;4038907.817402444
2020-10-21;12;3926220.0;3993108.3934436194;4030051.5988390176
2020-10-21;13;3716306.0;3885909.4966008174;4004823.115633165
2020-10-21;14;3615342.0;3827257.581379925;4059478.2339088167
2020-10-21;15;3711874.0;3991782.8224400007;4227272.18188149
2020-10-21;16;3740605.0;4148444.0914464183;4507180.703710479
2020-10-21;17;3848051.8125;4384951.280920683;4755352.463752747
2020-10-21;18;3938183.5;4631805.833144962;4922663.413210281
2020-10-21;19;4163262.0;4953438.333866957;4998449.331795258
2020-10-21;20;4185780.0;5109733.101600906;4846426.153727907
2020-10-21;21;4314366.0;5219146.643638497;4432357.264642696
2020-10-21;22;3885822.0;4759246.208199535;4013445.639421174
2020-10-21;23;3360438.0;4228773.863178282;3544753.6194449044
2020-10-21;24;2849450.0;3665161.918173085;3246279.223877425
2020-10-22;1;2429120.0;3153092.298384967;2988280.7414278165
2020-10-22;2;2180128.0;2834680.6629596762;2882060.310352624
2020-10-22;3;2069744.0;2697961.065392219;2729404.749386411
2020-10-22;4;2036875.5;2668257.1348109283;2777788.1418359927
2020-10-22;5;2027735.59375;2695523.1101346584;2923814.839475978
2020-10-22;6;2122581.0;2781398.371685824;3236303.5567754973
2020-10-22;7;2410896.0;2993646.8336717626;3574695.8999481387
2020-10-22;8;2891834.0;3331414.503953844;3879084.7739192494
2020-10-22;9;3688948.0;3882535.322327384;4068265.641122567
2020-10-22;10;3929860.0;4077075.81302834;4146067.314548377
2020-10-22;11;3949436.0;4141444.733824669;4116284.0915898406
2020-10-22;12;3962820.0;4242535.021734296;4018037.7527503576
2020-10-22;13;3754164.0;4189605.461369312;4031156.977325189
2020-10-22;14;3663076.0;4154888.205292548;4045520.5221529487
2020-10-22;15;3762923.0;4307465.819885642;4283971.4149472015
2020-10-22;16;3794252.0;4420084.779909031;4504220.056917865
2020-10-22;17;3903372.3125;4592498.933789307;4744841.694973147
2020-10-22;18;3994117.0;4772091.3692663945;4978963.40854113
2020-10-22;19;4218693.0;5040227.225155672;4946310.114751854
2020-10-22;20;4239644.0;5169005.508976806;4885394.702567649
2020-10-22;21;4365780.0;5280998.542903293;4426687.6930874325
2020-10-22;22;3934212.0;4848785.912640837;4006117.340602952
2020-10-22;23;3405724.0;4358678.78336467;3557565.9410032886
2020-10-22;24;2894880.0;3832073.056384829;3287916.356001652
2020-10-23;1;2469156.0;3338899.4371450683;3035833.2313339435
2020-10-23;2;2219068.0;3012317.397095221;2824479.390648331
2020-10-23;3;2108953.0;2840004.7543388032;2771961.49133714
2020-10-23;4;2077800.5;2755801.398335469;2770195.04023603
2020-10-23;5;2071687.90625;2724700.7568215705;2961302.5153079946
2020-10-23;6;2170541.0;2765605.506676844;3211150.48025635
2020-10-23;7;2473604.0;2960756.477442956;3591901.155657412
2020-10-23;8;2948608.0;3316708.8829871444;3876153.146609566
2020-10-23;9;3749268.0;3919311.867288992;4051751.356889436
2020-10-23;10;3995358.0;4187540.694655112;4081181.509472317
2020-10-23;11;4012388.0;4330415.674182462;4054705.40834502
2020-10-23;12;4024296.0;4495668.328883356;3974165.131139929
2020-10-23;13;3812386.0;4476583.311624788;4006523.613363978
2020-10-23;14;3716678.0;4436625.972390422;4086558.687752598
2020-10-23;15;3811200.0;4545320.996721976;4210139.694724112
2020-10-23;16;3837283.0;4584568.592169278;4477430.237592523
2020-10-23;17;3942055.3125;4669228.003621811;4747754.415650011
2020-10-23;18;4029998.5;4763577.419328282;4951411.607944297
2020-10-23;19;4243411.0;4963317.117985842;4999975.712628488
2020-10-23;20;4267194.0;5048987.743905044;4777307.901035347
2020-10-23;21;4397940.0;5144238.561612522;4463675.4423726015
2020-10-23;22;3971430.0;4716013.45885291;4013167.7558876574
2020-10-23;23;3446388.0;4240681.435993939;3544085.841570652
2020-10-23;24;2932590.0;3728695.991581913;3223636.1127871983
2020-10-24;1;2498024.0;3241196.479344669;3006860.6852186373
2020-10-24;2;2231220.0;2906773.921186215;2804869.365135761
2020-10-24;3;2105214.0;2713234.660110674;2759003.852519536
2020-10-24;4;2026868.0;2598145.1582969786;2788545.3563759346
2020-10-24;5;1973257.296875;2531680.1263283323;2926870.239277252
2020-10-24;6;2014877.0;2537025.651854667;3197929.467646695
2020-10-24;7;2253024.0;2698100.2403168576;3572394.3471693555
2020-10-24;8;2666868.0;3020056.631501897;3840083.9079280617
2020-10-24;9;3394886.0;3585154.6899410915;4043398.58238594
2020-10-24;10;3565786.0;3808499.4669456105;4070408.4661235036
2020-10-24;11;3527810.0;3897161.6400074577;4043273.7106715115
2020-10-24;12;3494724.0;4000509.6559644095;3963777.0356290787
2020-10-24;13;3254110.0;3917521.637090645;3930863.226027132
2020-10-24;14;3148554.0;3820426.351545425;4064012.9678058433
2020-10-24;15;3242751.0;3888375.5829952382;4182341.0086778
2020-10-24;16;3308583.5;3911001.947564752;4465996.121628772
2020-10-24;17;3447960.25;4006578.765416977;4747535.670305193
2020-10-24;18;3596356.0;4137208.204731692;4904664.7384563405
2020-10-24;19;3889954.0;4391178.524621038;4962095.614243208
2020-10-24;20;3985590.0;4538324.389231664;4803248.680640403
2020-10-24;21;4191432.0;4691268.587723599;4464225.493480873
2020-10-24;22;3820224.0;4308699.397021206;3991873.3912199964
2020-10-24;23;3343800.0;3863722.2169190133;3529678.87744078
2020-10-24;24;2862406.0;3369123.4107275237;3251775.667835659
2020-10-25;1;2442546.0;2892704.6455202675;2971307.9713488393
2020-10-25;2;2172560.0;2571249.56801824;2818924.687879668
2020-10-25;3;2027022.0;2398807.4447736773;2742808.0131426533
2020-10-25;4;1927293.0;2314193.2229005443;2735743.9674947527
2020-10-25;5;1831786.90625;2282267.440353784;2898203.277110985
2020-10-25;6;1825970.0;2314884.032649998;3177820.3949655467
2020-10-25;7;2015874.0;2481282.698564796;3541318.5480752904
2020-10-25;8;2368344.0;2772744.6820129813;3865695.3603707706
2020-10-25;9;3069666.0;3262964.3125898456;4015490.633589504
2020-10-25;10;3218510.0;3367317.371939755;4064644.141559581
2020-10-25;11;3163482.0;3303437.545407428;4025274.816073003
2020-10-25;12;3126968.0;3240364.176402532;4003738.402536353
2020-10-25;13;2892090.0;3002186.5322348336;3894972.940823699
2020-10-25;14;2790646.0;2786391.410560184;4044036.571321275
2020-10-25;15;2910134.0;2791948.651620659;4196386.4384161625
2020-10-25;16;2982746.5;2818430.521288081;4454747.1147909835
2020-10-25;17;3151313.734375;2982033.70556704;4751421.203193934
2020-10-25;18;3315347.5;3231473.8930616667;4928032.017552423
2020-10-25;19;3622304.0;3633683.065503759;4963597.812173997
2020-10-25;20;3729916.0;3934245.5635511195;4760980.264840155
2020-10-25;21;3942464.0;4224125.04797163;4458924.161576434
2020-10-25;22;3593152.0;3947455.1697032517;3993914.6480306764
2020-10-25;23;3139530.0;3572373.666343035;3564759.3651792537
2020-10-25;24;2691096.0;3116274.889988537;3193000.5524398633
2020-10-26;1;2323320.0;2658865.5299489326;2991072.2178256195
2020-10-26;2;2116938.0;2352393.8358791964;2826809.3033763417
2020-10-26;3;2050280.0;2205858.644764314;2743198.017405673
2020-10-26;4;2032290.5;2169188.7805833286;2752456.00191649
2020-10-26;5;2041640.515625;2212704.276943578;2868963.1801568423
2020-10-26;6;2149578.0;2347964.2846602187;3180822.3725368804
2020-10-26;7;2457068.0;2639452.077314828;3511485.6402444644
2020-10-26;8;2933426.0;3071206.488547645;3810861.06877248
2020-10-26;9;3733680.0;3709032.3153973008;4006208.576098528
2020-10-26;10;3972622.0;3960833.9259290006;4025465.641157728
2020-10-26;11;3994282.0;4037245.604486403;3998251.9615059467
2020-10-26;12;4004946.0;4100051.475554468;3929970.2173933163
2020-10-26;13;3791874.0;3964916.08158338;3937044.375891329
2020-10-26;14;3694826.0;3819358.7720394433;4049272.829233689
2020-10-26;15;3777139.0;3851572.6415745807;4190344.889852427
2020-10-26;16;3810941.5;3851544.0447501056;4432658.671544951
2020-10-26;17;3912054.0;3929981.17476712;4723109.619771283
2020-10-26;18;3995375.5;4037204.758241725;4946070.48417311
2020-10-26;19;4203554.0;4250887.9697641125;4975689.483239607
2020-10-26;20;4230526.0;4336643.869182103;4760098.907968423
2020-10-26;21;4360584.0;4412509.954096517;4430160.577722684
2020-10-26;22;3920684.0;3952257.0360203926;3976962.873107909
2020-10-26;23;3398028.0;3450348.6192104938;3544973.354090276
2020-10-26;24;2891950.0;2941288.9063549726;3181034.8523115194
2020-10-27;1;2472266.0;2508277.7416846864;2960170.2058622856
2020-10-27;2;2228686.0;2291823.4106604746;2744363.4134588144
2020-10-27;3;2135077.0;2275767.94523926;2698409.083637257
2020-10-27;4;2098541.0;2376509.4116322743;2716996.941832513
2020-10-27;5;2095673.328125;2529678.285071249;2886164.5885861814
2020-10-27;6;2195688.0;2718711.7976735667;3169899.50511521
2020-10-27;7;2497790.0;2992925.549314543;3540911.7257028436
2020-10-27;8;2969966.0;3337629.8585680006;3838464.312998146
2020-10-27;9;3772304.0;3836061.450359189;4015493.7114134505
2020-10-27;10;4004660.0;3925740.7831403874;4073150.587415869
2020-10-27;11;4019726.0;3852404.874085534;3987878.1558919963
2020-10-27;12;4027592.0;3810636.878605634;3945637.66035184
2020-10-27;13;3812744.0;3639567.6956556938;3970147.25182146
2020-10-27;14;3715568.0;3536186.439839759;4045217.136649584
2020-10-27;15;3799717.0;3682817.3957155137;4198713.4931647945
2020-10-27;16;3837408.5;3850318.0725607863;4463792.839371729
2020-10-27;17;3944232.078125;4121770.994614354;4767018.735579943
2020-10-27;18;4034565.5;4417494.461710052;4917135.421556588
2020-10-27;19;4250305.0;4788723.639064694;5000822.553903097
2020-10-27;20;4276174.0;4982628.84400938;4794013.230197771
2020-10-27;21;4414778.0;5108918.218136058;4474580.612306575
2020-10-27;22;3984870.0;4642831.237454872;3951202.805737466
2020-10-27;23;3463882.0;4087860.352307242;3516121.1728757606
2020-10-27;24;2956790.0;3491859.9546103235;3206507.4729097537
2020-10-28;1;2533512.0;2952476.8234370295;2973633.377263213
2020-10-28;2;2284176.0;2623356.4584022146;2723036.8415619917
2020-10-28;3;2183323.0;2498964.139744635;2690332.653755303
2020-10-28;4;2138874.5;2503718.452453792;2748082.9636989743
2020-10-28;5;2140228.09375;2579243.431729855;2863027.0470632967
2020-10-28;6;2221670.5;2713585.6275963886;3180653.2021420696
2020-10-28;7;2529071.0;2959498.898113381;3460820.81079404
2020-10-28;8;2988126.0;3304140.4389926973;3823386.932859208
2020-10-28;9;3789860.0;3830108.2039628574;4009261.117920423
2020-10-28;10;4023724.0;3970882.563799016;4044822.515650643
2020-10-28;11;4042020.0;3964383.27378451;4016477.2960091406
2020-10-28;12;4054272.0;3994201.506737989;3984577.4095532186
2020-10-28;13;3844304.0;3887002.609895186;3912746.714584928
2020-10-28;14;3751816.0;3828350.694674294;3978890.0305879763
2020-10-28;15;3839873.0;3992875.935734369;4186072.4305246137
2020-10-28;16;3868690.5;4149537.204740785;4432606.568382417
2020-10-28;17;3988201.40625;4386044.394215051;4722432.718347472
2020-10-28;18;4066634.5;4632898.946439328;4950672.490507838
2020-10-28;19;4291995.0;4954531.447161323;4987150.200396046
2020-10-28;20;4314856.0;5110826.214895272;4777947.648727224
2020-10-28;21;4449694.0;5220239.756932864;4456916.540984606
2020-10-28;22;4015706.0;4760339.321493901;4013336.156826481
2020-10-28;23;3490758.0;4229866.976472649;3546225.2589807888
2020-10-28;24;2980206.0;3666255.0314674526;3183157.3416899475
2020-10-29;1;2554248.0;3154185.4116793345;2936035.0096913823
2020-10-29;2;2311686.0;2835773.776254044;2808667.7296534255
2020-10-29;3;2212005.0;2699054.178686588;2680812.28475299
2020-10-29;4;2157506.0;2669350.248105296;2746118.762409258
2020-10-29;5;2160106.875;2696616.223429026;2885512.1998316636
2020-10-29;6;2255088.5;2782491.484980192;3111872.0810940093
2020-10-29;7;2553742.0;2994739.9469661308;3428118.2718216088
2020-10-29;8;3016074.0;3332507.617248211;3764418.903855295
2020-10-29;9;3821504.0;3883628.435621752;4014768.444184755
2020-10-29;10;4059362.0;4078168.926322708;4036461.1672090082
2020-10-29;11;4081830.0;4142537.847119036;4027356.084594996
2020-10-29;12;4098312.0;4243628.135028663;3959270.4418367124
2020-10-29;13;3886404.0;4190698.5746636777;3944876.9981477517
2020-10-29;14;3795278.0;4155981.318586913;3988729.17421339
2020-10-29;15;3895139.0;4308558.933180007;4148544.083447581
2020-10-29;16;3926538.0;4421177.893203397;4404020.179250197
2020-10-29;17;4035794.8125;4593592.047083671;4694914.773814056
2020-10-29;18;4126743.5;4773184.482560759;4920786.6001362065
2020-10-29;19;4351587.0;5041320.338450037;4946064.108680648
2020-10-29;20;4372872.0;5170098.622271171;4797486.554522159
2020-10-29;21;4505244.0;5282091.656197658;4448198.384809667
2020-10-29;22;4068216.0;4849879.025935202;4023508.3649718924
2020-10-29;23;3540152.0;4359771.896659036;3498103.5914890016
2020-10-29;24;3029726.0;3833166.169679195;3163522.803508084
2020-10-30;1;2604412.0;3339992.5504394337;2969759.386214276
2020-10-30;2;2354692.0;3013410.5103895883;2804471.9960797243
2020-10-30;3;2255268.0;2841097.8676331686;2706741.1927513927
2020-10-30;4;2214004.5;2756894.511629837;2757335.891784735
2020-10-30;5;2208087.921875;2725793.8701159377;2862676.3949778867
2020-10-30;6;2295582.0;2766698.61997121;3117179.019034925
2020-10-30;7;2610184.0;2961849.5907373237;3474422.484272591
2020-10-30;8;3076836.0;3317801.996281511;3754020.9153389004
2020-10-30;9;3885794.0;3920404.9805833613;3948241.499411149
2020-10-30;10;4128820.0;4188633.80794948;4045717.502885568
2020-10-30;11;4148626.0;4331508.787476828;3985520.103059325
2020-10-30;12;4160536.0;4496761.442177725;3892791.203334288
2020-10-30;13;3948544.0;4477676.424919156;3860139.668301553
2020-10-30;14;3852784.0;4437719.085684788;3937282.247713532
2020-10-30;15;3936933.0;4546414.110016343;4092808.868811039
2020-10-30;16;3973445.0;4585661.705463647;4355172.914762863
2020-10-30;17;4090253.03125;4670321.116916178;4639631.779453182
2020-10-30;18;4154992.0;4764670.532622648;4855785.156817561
2020-10-30;19;4390405.0;4964410.2312802095;4889282.214057498
2020-10-30;20;4404236.0;5050080.857199412;4720036.632404597
2020-10-30;21;4541210.0;5145331.674906891;4383155.610712302
2020-10-30;22;4109226.0;4717106.572147278;3936222.1572082983
2020-10-30;23;3584698.0;4241774.549288306;3484764.6322687995
2020-10-30;24;3071206.0;3729789.1048762817;3177487.770134685
2020-10-31;1;2637026.0;3242289.5926390374;2952607.4428126593
2020-10-31;2;2370576.0;2907867.034480583;2770592.4092920665
2020-10-31;3;2244879.0;2714327.773405042;2734972.3130622823
2020-10-31;4;2155243.5;2599238.2715913467;2667488.1650411044
2020-10-31;5;2113345.765625;2532773.239622701;2880893.485309793
2020-10-31;6;2155077.5;2538118.765149036;3105599.4758896683
2020-10-31;7;2403532.0;2699193.3536112267;3434331.738837252
2020-10-31;8;2798746.0;3021149.7447962663;3722663.8251205212
2020-10-31;9;3535046.0;3586247.8032354615;3962164.25588076
2020-10-31;10;3705850.0;3809592.58023998;4032113.521039057
2020-10-31;11;3667756.0;3898254.753301827;3978986.542353177
2020-10-31;12;3634558.0;4001602.7692587785;3963365.9262875635
2020-10-31;13;3393844.0;3918614.750385014;3872958.585196967
2020-10-31;14;3279722.0;3821519.4648397937;3937612.893943285
2020-10-31;15;3392771.0;3889468.6962896083;4090020.580159466
2020-10-31;16;3448276.5;3912095.060859122;4390883.147265386
2020-10-31;17;3599676.59375;4007671.878711348;4629921.025055278
2020-10-31;18;3736331.5;4138301.318026064;4864668.196418242
2020-10-31;19;4030169.0;4392271.63791541;4855972.244544636
2020-10-31;20;4126104.0;4539417.502526036;4702054.665837798
2020-10-31;21;4332292.0;4692361.701017975;4349605.790776127
2020-10-31;22;3961466.0;4309792.51031558;3918290.315202925
2020-10-31;23;3485434.0;3864815.330213387;3502198.196561582
2020-10-31;24;3004434.0;3370216.524021897;3146758.1163123925
